<?xml version="1.0" encoding="UTF-8"?>
<!DOCTYPE mapper
        PUBLIC "-//mybatis.org//DTD Mapper 3.0//EN"
        "http://mybatis.org/dtd/mybatis-3-mapper.dtd">
<mapper namespace="com.herdsric.oms.lotus.mapper.AsnVoucherWriteOffLineMapper">

    <resultMap id="BaseResultMap" type="com.herdsric.oms.lotus.entity.AsnVoucherWriteOffLine">
            <id property="id" column="id" jdbcType="INTEGER"/>
            <result property="clientCode" column="client_code" jdbcType="VARCHAR"/>
            <result property="warehouseCode" column="warehouse_code" jdbcType="VARCHAR"/>
            <result property="voucherWriteOffId" column="voucher_write_off_id" jdbcType="INTEGER"/>
            <result property="voucherNo" column="voucher_no" jdbcType="VARCHAR"/>
            <result property="lineNo" column="line_no" jdbcType="VARCHAR"/>
            <result property="partNumber" column="part_number" jdbcType="VARCHAR"/>
            <result property="actualQty" column="actual_qty" jdbcType="VARCHAR"/>
            <result property="writeOffQty" column="write_off_qty" jdbcType="VARCHAR"/>
            <result property="unit" column="unit" jdbcType="VARCHAR"/>
            <result property="createTime" column="create_time" jdbcType="VARCHAR"/>
            <result property="createBy" column="create_by" jdbcType="VARCHAR"/>
            <result property="updateTime" column="update_time" jdbcType="VARCHAR"/>
            <result property="updateBy" column="update_by" jdbcType="VARCHAR"/>
            <result property="isDelete" column="is_delete" jdbcType="VARCHAR"/>
    </resultMap>

    <sql id="Base_Column_List">
        id,client_code,warehouse_code,
        voucher_write_off_id,voucher_no,line_no,
        part_number,num,actual_qty,
        write_off_qty,unit,create_time,
        create_by,update_time,update_by,
        is_delete
    </sql>
</mapper>
