<?xml version="1.0" encoding="UTF-8"?>
<!DOCTYPE mapper
        PUBLIC "-//mybatis.org//DTD Mapper 3.0//EN"
        "http://mybatis.org/dtd/mybatis-3-mapper.dtd">
<mapper namespace="com.herdsric.oms.lotus.mapper.AsnVoucherWriteOffMapper">

    <resultMap id="BaseResultMap" type="com.herdsric.oms.lotus.entity.AsnVoucherWriteOff">
            <id property="id" column="id" jdbcType="INTEGER"/>
            <result property="clientCode" column="client_code" jdbcType="VARCHAR"/>
            <result property="warehouseCode" column="warehouse_code" jdbcType="VARCHAR"/>
            <result property="sendWriteOffTime" column="send_write_off_time" jdbcType="VARCHAR"/>
            <result property="sendCreateTime" column="send_create_time" jdbcType="VARCHAR"/>
            <result property="sapStockOrderNo" column="sap_stock_order_no" jdbcType="VARCHAR"/>
            <result property="voucherNo" column="voucher_no" jdbcType="VARCHAR"/>
            <result property="status" column="status" jdbcType="CHAR"/>
            <result property="createTime" column="create_time" jdbcType="VARCHAR"/>
            <result property="createBy" column="create_by" jdbcType="VARCHAR"/>
            <result property="updateTime" column="update_time" jdbcType="VARCHAR"/>
            <result property="updateBy" column="update_by" jdbcType="VARCHAR"/>
            <result property="isDelete" column="is_delete" jdbcType="VARCHAR"/>
    </resultMap>

    <sql id="Base_Column_List">
        id,client_code,warehouse_code,
        send_write_off_time,send_create_time,sap_stock_order_no,
        voucher_no,status,create_time,
        create_by,update_time,update_by,
        is_delete
    </sql>
</mapper>
