<?xml version="1.0" encoding="UTF-8"?>

<!--
  ~
  ~      Copyright (c) 2018-2025, lengleng All rights reserved.
  ~
  ~  Redistribution and use in source and binary forms, with or without
  ~  modification, are permitted provided that the following conditions are met:
  ~
  ~ Redistributions of source code must retain the above copyright notice,
  ~  this list of conditions and the following disclaimer.
  ~  Redistributions in binary form must reproduce the above copyright
  ~  notice, this list of conditions and the following disclaimer in the
  ~  documentation and/or other materials provided with the distribution.
  ~  Neither the name of the oms4cloud.com developer nor the names of its
  ~  contributors may be used to endorse or promote products derived from
  ~  this software without specific prior written permission.
  ~  Author: lengleng (wangiegie@gmail.com)
  ~
  -->

<!DOCTYPE mapper PUBLIC "-//mybatis.org//DTD Mapper 3.0//EN" "http://mybatis.org/dtd/mybatis-3-mapper.dtd">

<mapper namespace="com.herdsric.oms.lotus.mapper.CostMasterDataMapper">

	<resultMap id="getDnTransferDetailMap" type="com.herdsric.oms.lotus.entity.CostCenterMasterData">
		<result property="costCenterCode" column="cost_center_code"></result>
		<result property="costCenterDescribed" column="cost_center_described"/>
		<result property="controlArea" column="control_area"/>
		<result property="companyCode" column="company_code"/>
		<result property="principal" column="principal"/>
		<result property="startTime" column="start_time"/>
		<result property="endTime" column="end_time"/>
		<result property="enableFlag" column="enable_flag"/>
	</resultMap>



</mapper>
