<?xml version="1.0" encoding="UTF-8"?>
<!DOCTYPE mapper
		PUBLIC "-//mybatis.org//DTD Mapper 3.0//EN"
		"http://mybatis.org/dtd/mybatis-3-mapper.dtd">
<mapper namespace="com.herdsric.oms.lotus.mapper.SkuVoucherLineMapper">

	<resultMap id="BaseResultMap" type="com.herdsric.oms.lotus.entity.SkuVoucherLine">
		<id property="id" column="id" jdbcType="INTEGER"/>
		<result property="lineNo" column="line_no" jdbcType="VARCHAR"/>
		<result property="partNumber" column="part_number" jdbcType="VARCHAR"/>
		<result property="moveType" column="move_type" jdbcType="CHAR"/>
		<result property="receiptAddressNo" column="receipt_address_no" jdbcType="VARCHAR"/>
		<result property="batchNo" column="batch_no" jdbcType="VARCHAR"/>
		<result property="num" column="num" jdbcType="INTEGER"/>
		<result property="unit" column="unit" jdbcType="VARCHAR"/>
		<result property="addressNo" column="address_no" jdbcType="VARCHAR"/>
		<result property="skuVoucherId" column="sku_voucher_id" jdbcType="INTEGER"/>
		<result property="sapAsnNo" column="sap_asn_no" jdbcType="VARCHAR"/>
		<result property="sapAsnLineNo" column="sap_asn_line_no" jdbcType="VARCHAR"/>
		<result property="asnNo" column="asn_no" jdbcType="VARCHAR"/>
		<result property="asnLineNo" column="asn_line_no" jdbcType="VARCHAR"/>
		<result property="createTime" column="create_time" jdbcType="VARCHAR"/>
		<result property="createBy" column="create_by" jdbcType="VARCHAR"/>
		<result property="updateTime" column="update_time" jdbcType="VARCHAR"/>
		<result property="updateBy" column="update_by" jdbcType="VARCHAR"/>
		<result property="isDelete" column="is_delete" jdbcType="VARCHAR"/>
	</resultMap>

	<sql id="Base_Column_List">
		id
		,line_no,part_number,
        move_type,factory,receipt_address_no,
        batch_no,num,unit,
        address_no,sku_voucher_id,sap_asn_no,
        sap_asn_line_no,asn_no,asn_line_no,
        create_time,create_by,update_time,
        update_by,is_delete
	</sql>
</mapper>
