<?xml version="1.0" encoding="UTF-8"?>
<!DOCTYPE mapper
		PUBLIC "-//mybatis.org//DTD Mapper 3.0//EN"
		"http://mybatis.org/dtd/mybatis-3-mapper.dtd">
<mapper namespace="com.herdsric.oms.lotus.mapper.SkuVoucherMapper">

	<resultMap id="BaseResultMap" type="com.herdsric.oms.lotus.entity.SkuVoucher">
		<id property="id" column="id" jdbcType="INTEGER"/>
		<result property="sendTime" column="send_time" jdbcType="VARCHAR"/>
		<result property="operateType" column="operate_type" jdbcType="CHAR"/>
		<result property="status" column="status" jdbcType="VARCHAR"/>
		<result property="warehouseCode" column="warehouse_code" jdbcType="VARCHAR"/>
		<result property="clientCode" column="clientCode" jdbcType="VARCHAR"/>
		<result property="orderNo" column="order_no" jdbcType="VARCHAR"/>
		<result property="createTime" column="create_time" jdbcType="VARCHAR"/>
		<result property="createBy" column="create_by" jdbcType="VARCHAR"/>
		<result property="updateTime" column="update_time" jdbcType="VARCHAR"/>
		<result property="updateBy" column="update_by" jdbcType="VARCHAR"/>
		<result property="isDelete" column="is_delete" jdbcType="VARCHAR"/>
	</resultMap>


	<resultMap id="SkuVoucherDtoMap" type="com.herdsric.oms.lotus.dto.sap.SkuVoucherDto">
		<id property="id" column="id" jdbcType="INTEGER"/>
		<result property="sendTime" column="send_time" jdbcType="VARCHAR"/>
		<result property="operateType" column="operate_type" jdbcType="CHAR"/>
		<result property="status" column="status" jdbcType="VARCHAR"/>
		<result property="sapStockOrderNo" column="sap_stock_order_no"/>
		<result property="warehouseCode" column="warehouse_code" jdbcType="VARCHAR"/>
		<result property="clientCode" column="client_code" jdbcType="VARCHAR"/>
		<result property="orderNo" column="order_no" jdbcType="VARCHAR"/>
		<result property="createTime" column="create_time" jdbcType="VARCHAR"/>
		<collection property="skuVoucherLineDtoList" ofType="com.herdsric.oms.lotus.dto.sap.SkuVoucherLineDto"
					javaType="java.util.ArrayList">
			<id property="id" column="lineId" jdbcType="INTEGER"/>
			<result property="lineNo" column="line_no" jdbcType="VARCHAR"/>
			<result property="partNumber" column="part_number" jdbcType="VARCHAR"/>
			<result property="moveType" column="move_type" jdbcType="CHAR"/>
			<result property="receiptAddressNo" column="receipt_address_no" jdbcType="VARCHAR"/>
			<result property="batchNo" column="batch_no" jdbcType="VARCHAR"/>
			<result property="num" column="num" jdbcType="INTEGER"/>
			<result property="unit" column="unit" jdbcType="VARCHAR"/>
			<result property="addressNo" column="address_no" jdbcType="VARCHAR"/>
			<result property="skuVoucherId" column="sku_voucher_id" jdbcType="INTEGER"/>
			<result property="sapAsnNo" column="sap_asn_no" jdbcType="VARCHAR"/>
			<result property="sapAsnLineNo" column="sap_asn_line_no" jdbcType="VARCHAR"/>
			<result property="asnNo" column="asn_no" jdbcType="VARCHAR"/>
			<result property="asnLineNo" column="asn_line_no" jdbcType="VARCHAR"/>
			<result property="costCenter" column="cost_center" jdbcType="VARCHAR"/>
		</collection>
	</resultMap>


	<select id="selectSkuVoucherById" resultMap="SkuVoucherDtoMap">
		select a.id,
			   a.send_time,
			   a.operate_type,
			   a.status,
			   a.warehouse_code,
			   a.sap_stock_order_no,
			   a.client_code,
			   a.order_no,
			   a.create_time,
			   b.id as lineId,
			   b.line_no,
			   b.part_number,
			   b.move_type,
			   b.receipt_address_no,
			   b.batch_no,
			   b.num,
			   b.unit,
			   b.address_no,
			   b.sku_voucher_id,
			   b.sap_asn_no,
			   b.sap_asn_line_no,
			   b.asn_no,
			   b.asn_line_no,
			   b.cost_center
		from lotus_sku_voucher a
				 left join lotus_sku_voucher_line b on a.id = b.sku_voucher_id
			and a.is_delete = '0'
			and b.is_delete = '0'
		WHERE a.id = #{id}
	</select>
	<select id="selectSkuVoucherLineInfoByAsnNos" resultType="com.herdsric.oms.lotus.entity.SkuVoucherLine">
		select
		b.asn_no,b.line_no,b.part_number,b.num,b.unit
		from lotus_sku_voucher a
		left join lotus_sku_voucher_line b on a.id=b.sku_voucher_id
		and a.is_delete='0'
		and b.is_delete='0'
		WHERE a.client_code=#{clientCode}
		and b.asn_no IN
		<foreach item="item" index="index" collection="asnNos" open="(" separator="," close=")">
			#{item}
		</foreach>
		group by b.asn_no,b.line_no,b.part_number
	</select>
</mapper>
