<?xml version="1.0" encoding="UTF-8"?>
<!DOCTYPE mapper PUBLIC "-//mybatis.org//DTD Mapper 3.0//EN" "http://mybatis.org/dtd/mybatis-3-mapper.dtd">

<mapper namespace="com.herdsric.oms.saic.mapper.TraceLogMapper">
	<resultMap id="bizRecordMap" type="com.herdsric.oms.saic.entity.TraceLog">
		<id property="id" column="id"/>
		<result property="reference" column="reference"/>
		<result property="type" column="type"/>
		<result property="msgIn" column="msg_in"/>
		<result property="msgOut" column="msg_out"/>
		<result property="source" column="source"/>
		<result property="target" column="target"/>
		<result property="status" column="status"/>
		<result property="retryNum" column="retryNum"/>
		<result property="createTime" column="create_time"/>
		<result property="createBy" column="create_by"/>
		<result property="updateTime" column="update_time"/>
		<result property="updateBy" column="update_by"/>
		<result property="isDelete" column="is_delete"/>
	</resultMap>
	<delete id="physicsDeleteByType">
		delete
		from sys_trace_log
		where type = #{type}
	</delete>
	<resultMap id="traceLogMap" type="com.herdsric.oms.saic.entity.TraceLog" autoMapping="true">
		<id property="id" column="id"/>
		<result property="reference" column="reference"/>
		<association property="lTraceLog" javaType="com.herdsric.oms.saic.entity.TraceLog" columnPrefix="p_" autoMapping="true"/>
	</resultMap>

	<select id="selectNotSendLogs" resultMap="traceLogMap">
		SELECT t2.*,
			   t1.id        as p_id,
			   t1.reference as p_reference,
			   t1.type      as p_type,
			   t1.msg_in    as p_msg_in,
			   t1.msg_out   as p_msg_out,
			   t1.source    as p_source,
			   t1.target    as p_target,
			   t1.status    as p_status,
			   t1.retry_num as p_retry_num
		FROM sys_trace_log t1
				 JOIN sys_trace_log t2 ON t1.reference = t2.reference
			AND substr(t1.create_by, #{position}) = substr(t2.create_by, #{position})
		WHERE t1.type = #{pType}
		  AND t2.type = #{hType}
		  AND t2.`status` = #{status}
		  AND t2.retry_num &lt; #{retryNum}
		  AND t2.is_delete = 0
		  AND t1.is_delete = 0
		ORDER BY t2.create_time ASC LIMIT 30
	</select>
</mapper>
