{
  "id": "",
  "name": "",
  "font_family": "iconfont",
  "css_prefix_text": "icon-",
  "description": "",
  "glyphs": [
    {
      "icon_id": "36510",
      "name": "上传",
      "font_class": "shangchuan",
      "unicode": "f0048",
      "unicode_decimal": 983112
    },
    {
      "icon_id": "504572",
      "name": "审核",
      "font_class": "shenhe",
      "unicode": "e60a",
      "unicode_decimal": 58890
    },
    {
      "icon_id": "706026",
      "name": "1火箭",
      "font_class": "1huojian",
      "unicode": "e647",
      "unicode_decimal": 58951
    },
    {
      "icon_id": "879161",
      "name": "菜单",
      "font_class": "ego-menu",
      "unicode": "e605",
      "unicode_decimal": 58885
    },
    {
      "icon_id": "898447",
      "name": "盾牌",
      "font_class": "dunpai",
      "unicode": "e645",
      "unicode_decimal": 58949
    },
    {
      "icon_id": "1221316",
      "name": "分享",
      "font_class": "share",
      "unicode": "e608",
      "unicode_decimal": 58888
    },
    {
      "icon_id": "1486815",
      "name": "关闭",
      "font_class": "guanbi",
      "unicode": "e628",
      "unicode_decimal": 58920
    },
    {
      "icon_id": "2164333",
      "name": "分享_f",
      "font_class": "fenxiang_f",
      "unicode": "e69f",
      "unicode_decimal": 59039
    },
    {
      "icon_id": "2199053",
      "name": "打印机",
      "font_class": "dayinji",
      "unicode": "e617",
      "unicode_decimal": 58903
    },
    {
      "icon_id": "3216175",
      "name": "回形针",
      "font_class": "icon--",
      "unicode": "e75c",
      "unicode_decimal": 59228
    },
    {
      "icon_id": "3277761",
      "name": "火箭",
      "font_class": "huojian",
      "unicode": "e603",
      "unicode_decimal": 58883
    },
    {
      "icon_id": "4409465",
      "name": "发车",
      "font_class": "fache",
      "unicode": "e598",
      "unicode_decimal": 58776
    },
    {
      "icon_id": "6651967",
      "name": "icons_share",
      "font_class": "icons_share",
      "unicode": "e632",
      "unicode_decimal": 58930
    },
    {
      "icon_id": "7541958",
      "name": "24gl-fence",
      "font_class": "24gl-fence",
      "unicode": "e832",
      "unicode_decimal": 59442
    },
    {
      "icon_id": "9303783",
      "name": "关闭",
      "font_class": "guanbi1",
      "unicode": "e513",
      "unicode_decimal": 58643
    },
    {
      "icon_id": "9384062",
      "name": "菜单",
      "font_class": "caidan",
      "unicode": "e607",
      "unicode_decimal": 58887
    },
    {
      "icon_id": "9810108",
      "name": "分享",
      "font_class": "fenxiang_2",
      "unicode": "e52c",
      "unicode_decimal": 58668
    },
    {
      "icon_id": "11432793",
      "name": "分享",
      "font_class": "fenxiang",
      "unicode": "e69a",
      "unicode_decimal": 59034
    },
    {
      "icon_id": "11556685",
      "name": "菜单收起",
      "font_class": "caidanshouqi",
      "unicode": "e611",
      "unicode_decimal": 58897
    },
    {
      "icon_id": "13594012",
      "name": "背包",
      "font_class": "beibao",
      "unicode": "e610",
      "unicode_decimal": 58896
    },
    {
      "icon_id": "18696589",
      "name": "收货icon",
      "font_class": "shouhuoicon",
      "unicode": "e7df",
      "unicode_decimal": 59359
    },
    {
      "icon_id": "22779619",
      "name": "数译_切换",
      "font_class": "shuyi_qiehuan",
      "unicode": "e660",
      "unicode_decimal": 58976
    },
    {
      "icon_id": "23981141",
      "name": "取消超链接",
      "font_class": "quxiaochaolianjie",
      "unicode": "e658",
      "unicode_decimal": 58968
    },
    {
      "icon_id": "24770650",
      "name": "打卡",
      "font_class": "daka-copy",
      "unicode": "e627",
      "unicode_decimal": 58919
    },
    {
      "icon_id": "27876508",
      "name": "发货 待发货",
      "font_class": "a-fahuodaifahuo",
      "unicode": "e638",
      "unicode_decimal": 58936
    }
  ]
}
