<?xml version="1.0" encoding="UTF-8"?>
<transport_instruction:transportInstructionMessage
        xmlns:transport_instruction="urn:gs1:ecom:transport_instruction:xsd:3"
        xmlns:sh="http://www.unece.org/cefact/namespaces/StandardBusinessDocumentHeader"
        xmlns:xsi="http://www.w3.org/2001/XMLSchema-instance"
        xsi:schemaLocation="urn:gs1:ecom:transport_instruction:xsd:3 ../Schemas/gs1/ecom/TransportInstruction.xsd">
	<sh:StandardBusinessDocumentHeader>
		<sh:HeaderVersion>1.0</sh:HeaderVersion>
		<sh:Sender>
			<sh:Identifier Authority="GS1"/>
			<sh:ContactInformation>
				<sh:Contact>[COMPANY NAME]</sh:Contact>
			</sh:ContactInformation>
		</sh:Sender>
		<sh:Receiver>
			<sh:Identifier Authority="GS1"/>
			<sh:ContactInformation>
				<sh:Contact>[COMPANY NAME]</sh:Contact>
			</sh:ContactInformation>
		</sh:Receiver>
		<sh:DocumentIdentification>
			<sh:Standard>GS1</sh:Standard>
			<sh:TypeVersion>3.3</sh:TypeVersion>
			<sh:InstanceIdentifier>TEST TEST !!!! BUZ 1</sh:InstanceIdentifier>
			<sh:Type>transportInstruction</sh:Type>
			<sh:MultipleType>false</sh:MultipleType>
			<sh:CreationDateAndTime>2018-02-28T16:03:23</sh:CreationDateAndTime>
		</sh:DocumentIdentification>
	</sh:StandardBusinessDocumentHeader>
	<transportInstruction>
		<creationDateTime>2018-02-28T16:03:23</creationDateTime>
		<documentStatusCode>ORIGINAL</documentStatusCode>
		<transportInstructionIdentification>
			<entityIdentification>TEST TEST !!!! BUZ 1</entityIdentification>
		</transportInstructionIdentification>
		<transportInstructionFunction>SHIPMENT</transportInstructionFunction>
		<logisticServicesSeller>
			<contact>
				<departmentName>BUZ</departmentName>
			</contact>
		</logisticServicesSeller>
		<logisticServicesBuyer>
			<contact>
				<departmentName>CTS</departmentName>
			</contact>
		</logisticServicesBuyer>
		<transportInstructionShipment>
			<gsin>12345678911234567</gsin>
			<note languageCode="EN">001 002 003 004 005 fragile goods. | Customs document: O%,</note>
			<receiver>
				<address>
					<city>Nieuw - Vennep</city>
					<countryCode>NL</countryCode>
					<postalCode>2153 PL</postalCode>
					<streetAddressOne>Schillingweg 50</streetAddressOne>
				</address>
				<contact>
					<personName>piet</personName>
					<departmentName>Fulfilment Solutions</departmentName>
					<communicationChannel>
						<communicationChannelCode>TELEPHONE</communicationChannelCode>
						<communicationValue>0252623435</communicationValue>
					</communicationChannel>
				</contact>
			</receiver>
			<shipper>
				<address>
					<city>Nieuw - Vennep</city>
					<countryCode>NL</countryCode>
					<postalCode>2153 PL</postalCode>
					<streetAddressOne>Schillingweg 50</streetAddressOne>
				</address>
				<contact>
					<personName>piet</personName>
					<departmentName>CTS GROUP</departmentName>
					<communicationChannel>
						<communicationChannelCode>TELEPHONE</communicationChannelCode>
						<communicationValue>0180486222</communicationValue>
					</communicationChannel>
				</contact>
			</shipper>
			<shipTo>
				<address>
					<city>Nieuw - Vennep</city>
					<countryCode>NL</countryCode>
					<postalCode>2153 PL</postalCode>
					<streetAddressOne>Schillingweg 50</streetAddressOne>
				</address>
				<contact>
					<personName>piet</personName>
					<departmentName>Fulfilment Solutions</departmentName>
					<communicationChannel>
						<communicationChannelCode>TELEPHONE</communicationChannelCode>
						<communicationValue>0252623435</communicationValue>
					</communicationChannel>
				</contact>
			</shipTo>
			<shipFrom>
				<address>
					<city>Nieuw - Vennep</city>
					<countryCode>NL</countryCode>
					<postalCode>2153 PL</postalCode>
					<streetAddressOne>Schillingweg 50</streetAddressOne>
				</address>
				<contact>
					<personName>piet</personName>
					<departmentName>CTS GROUP</departmentName>
					<communicationChannel>
						<communicationChannelCode>TELEPHONE</communicationChannelCode>
						<communicationValue>0180486222</communicationValue>
					</communicationChannel>
				</contact>
			</shipFrom>
			<transportInstructionTerms>
				<transportServiceCategoryType>30</transportServiceCategoryType>
				<transportServiceLevelCode>PRIO</transportServiceLevelCode>
			</transportInstructionTerms>
			<transportCargoCharacteristics>
				<cargoTypeCode>12</cargoTypeCode>
				<totalGrossVolume measurementUnitCode="NM3">3.457</totalGrossVolume>
				<totalGrossWeight measurementUnitCode="KGM">1241</totalGrossWeight>
			</transportCargoCharacteristics>
			<plannedDelivery>
				<logisticEventPeriod>
					<beginDate>2018-02-01</beginDate>
					<beginTime>09:00:00</beginTime>
					<endDate>2018-02-01</endDate>
					<endTime>17:00:00</endTime>
				</logisticEventPeriod>
			</plannedDelivery>
			<plannedDespatch>
				<logisticEventPeriod>
					<beginDate>2016-02-01</beginDate>
					<beginTime>09:00:00</beginTime>
					<endDate>2016-02-01</endDate>
					<endTime>17:00:00</endTime>
				</logisticEventPeriod>
			</plannedDespatch>
			<deliveryTerms>
				<incotermsCode>DAP</incotermsCode>
			</deliveryTerms>
			<transportReference>
				<entityIdentification>10017622 / 2</entityIdentification>
				<transportReferenceTypeCode>ACD</transportReferenceTypeCode>
			</transportReference>
			<transportReference>
				<entityIdentification>10017622 / 2</entityIdentification>
				<transportReferenceTypeCode>AAO</transportReferenceTypeCode>
			</transportReference>
			<transportReference>
				<entityIdentification>10017622 / 2</entityIdentification>
				<transportReferenceTypeCode>ABO</transportReferenceTypeCode>
			</transportReference>
			<transportInstructionShipmentItem>
				<lineItemNumber>1</lineItemNumber> <!-- goodsline number -->
				<logisticUnit>
					<sscc>387193350009329130</sscc> <!-- shipping unit barcode -->
					<packageLevelCode>5</packageLevelCode>
					<dimension>
						<depth measurementUnitCode="M">1.050</depth>
						<height measurementUnitCode="M">1.020</height>
						<width measurementUnitCode="M">0.950</width>
					</dimension>
				</logisticUnit>
				<transportCargoCharacteristics>
					<cargoTypeCode>12</cargoTypeCode> <!-- 12 = general cargo, 11 = dangerous goods. For dangerous goods, dangerousGoodsInformation must be provided -->
					<cargoTypeDescription languageCode="EN">foam</cargoTypeDescription>
					<totalGrossWeight measurementUnitCode="KGM">30</totalGrossWeight>
					<totalPackageQuantity measurementUnitCode="EA">1</totalPackageQuantity> <!-- no. of shipping units/labels -->
				</transportCargoCharacteristics>
				<packageTotal>
					<packageTypeCode>ct</packageTypeCode> <!-- shipping unit package type -->
					<totalPackageQuantity>1</totalPackageQuantity> <!-- mandatory. equal to totalPackageQuantity in transportCargoCharacteristics -->
				</packageTotal>
			</transportInstructionShipmentItem>
			<transportInstructionShipmentItem>
				<lineItemNumber>2</lineItemNumber> <!-- goodsline number -->
				<logisticUnit>
					<sscc>387193350009322220</sscc> <!-- shipping unit barcode -->
					<packageLevelCode>5</packageLevelCode>
					<dimension>
						<depth measurementUnitCode="M">1.150</depth>
						<height measurementUnitCode="M">1.120</height>
						<width measurementUnitCode="M">0.750</width>
					</dimension>
				</logisticUnit>
				<transportCargoCharacteristics>
					<cargoTypeCode>12</cargoTypeCode> <!-- 12 = general cargo, 11 = dangerous goods. For dangerous goods, dangerousGoodsInformation must be provided -->
					<cargoTypeDescription languageCode="EN">Bearings &amp; tools</cargoTypeDescription>
					<totalGrossWeight measurementUnitCode="KGM">800</totalGrossWeight>
					<totalPackageQuantity measurementUnitCode="EA">1</totalPackageQuantity> <!-- no. of shipping units/labels -->
				</transportCargoCharacteristics>
				<packageTotal>
					<packageTypeCode>px</packageTypeCode> <!-- shipping unit package type -->
					<totalPackageQuantity>1</totalPackageQuantity> <!-- mandatory. equal to totalPackageQuantity in transportCargoCharacteristics -->
				</packageTotal>
			</transportInstructionShipmentItem>
		</transportInstructionShipment>
	</transportInstruction>
</transport_instruction:transportInstructionMessage>