<?xml version="1.0" encoding="UTF-8"?>
<transport_instruction:transportInstructionMessage
        xmlns:transport_instruction="urn:gs1:ecom:transport_instruction:xsd:3"
        xmlns:sh="http://www.unece.org/cefact/namespaces/StandardBusinessDocumentHeader"
        xmlns:xsi="http://www.w3.org/2001/XMLSchema-instance"
        xsi:schemaLocation="urn:gs1:ecom:transport_instruction:xsd:3 ../Schemas/gs1/ecom/TransportInstruction.xsd">
	<sh:StandardBusinessDocumentHeader>
		<sh:HeaderVersion>1.0</sh:HeaderVersion> <!-- Fixed value -->
		<sh:Sender>
			<sh:Identifier Authority="GS1"/>
			<sh:ContactInformation>
				<sh:Contact>Customer</sh:Contact> <!-- your company name -->
			</sh:ContactInformation>
		</sh:Sender>
		<sh:Receiver>
			<sh:Identifier Authority="GS1"/>
			<sh:ContactInformation>
				<sh:Contact>CTS</sh:Contact> <!-- Fixed value -->
			</sh:ContactInformation>
		</sh:Receiver>
		<sh:DocumentIdentification>
			<sh:Standard>GS1</sh:Standard> <!-- Fixed value -->
			<sh:TypeVersion>3.3</sh:TypeVersion> <!-- Fixed value -->
			<sh:InstanceIdentifier>EXAMPLE FROM Customer TO CTS</sh:InstanceIdentifier> <!-- EDI order reference -->
			<sh:Type>transportInstruction</sh:Type> <!-- Fixed value -->
			<sh:MultipleType>false</sh:MultipleType> <!-- Fixed value -->
			<sh:CreationDateAndTime>2019-09-13T11:30:35</sh:CreationDateAndTime>
		</sh:DocumentIdentification>
	</sh:StandardBusinessDocumentHeader>
	<transportInstruction>
		<creationDateTime>2019-09-13T11:30:35</creationDateTime>
		<documentStatusCode>ORIGINAL</documentStatusCode> <!-- Fixed value -->
		<transportInstructionIdentification>
			<entityIdentification>1234567890</entityIdentification> <!-- Order reference unless transportReferenceTypeCode "AES" is provided in transportReference -->
		</transportInstructionIdentification>
		<transportInstructionFunction>SHIPMENT</transportInstructionFunction> <!-- Fixed value -->
		<logisticServicesSeller>
			<contact>
				<departmentName>CTS</departmentName> <!-- Fixed value -->
			</contact>
		</logisticServicesSeller>
		<logisticServicesBuyer>
			<contact>
				<departmentName>Your company name</departmentName> 
			</contact>
		</logisticServicesBuyer>
		<transportInstructionShipment>
			<note languageCode="en">001 002 003 004 005 handle with care</note> <!-- Free text codes, defined in appendix I of API documentation -->
			<receiver>
				<address>
					<city>City</city>
					<countryCode>BE</countryCode>
					<postalCode>1010</postalCode>
					<streetAddressOne>tst 1515</streetAddressOne>
				</address>
				<contact>
					<personName>John Doe</personName>
					<departmentName>receiver company name</departmentName>
					<communicationChannel>
						<communicationChannelCode>TELEPHONE</communicationChannelCode>
						<communicationValue>123456789</communicationValue>
					</communicationChannel>
				</contact>
			</receiver>
			<shipper>
				<address>
					<city>City</city>
					<countryCode>BE</countryCode>
					<postalCode>1010</postalCode>
					<streetAddressOne>tst 1515</streetAddressOne>
				</address>
				<contact>
					<personName>John Doe</personName>
					<departmentName>shipper Company name</departmentName>
				</contact>
			</shipper>
			<shipTo>
				<address>
					<city>City</city>
					<countryCode>BE</countryCode>
					<postalCode>1010</postalCode>
					<streetAddressOne>tst 1515</streetAddressOne>
				</address>
				<contact>
					<personName>John Doe</personName>
					<departmentName>shipto company name</departmentName>
					<communicationChannel>
						<communicationChannelCode>TELEPHONE</communicationChannelCode>
						<communicationValue>1234567890</communicationValue>
					</communicationChannel>
					<communicationChannel>
						<communicationChannelCode>EMAIL</communicationChannelCode>
						<communicationValue>test@ctsgroup.nl</communicationValue>
					</communicationChannel>
				</contact>
			</shipTo>
			<shipFrom>
				<address>
					<city>City</city>
					<countryCode>BE</countryCode>
					<postalCode>1010</postalCode>
					<streetAddressOne>tst 1515</streetAddressOne>
				</address>
				<contact>
					<personName>John Doe</personName>
					<departmentName>shipfrom company name</departmentName>
				</contact>
			</shipFrom>
			<transportInstructionTerms>
				<transportServiceCategoryType>30</transportServiceCategoryType> <!-- always "30" -->
				<transportServiceLevelCode>PRIO</transportServiceLevelCode> <!-- See appx I service level -->
			</transportInstructionTerms>
			<transportCargoCharacteristics>
				<cargoTypeCode>12</cargoTypeCode> <!-- 11 for ADR, 12 for general cargo -->
			</transportCargoCharacteristics>
			<plannedDelivery> 
				<logisticLocation> 
					<locationSpecificInstructions languageCode="EN">Unloading instructions</locationSpecificInstructions>
				</logisticLocation> 
				<logisticEventPeriod> 
					<beginDate>2021-02-03</beginDate> <!-- YYYYMMDD -->
					<beginTime>09:00:00</beginTime> <!-- HHMMSS -->
					<endDate>2021-02-03</endDate> <!-- YYYYMMDD -->
					<endTime>17:00:00</endTime> <!-- HHMMSS -->
				</logisticEventPeriod>
			</plannedDelivery>
			<plannedDespatch>
				<logisticLocation> 
					<locationSpecificInstructions languageCode="EN">Loading instructions</locationSpecificInstructions>
				</logisticLocation> 
				<logisticEventPeriod> 
					<beginDate>2021-02-01</beginDate> <!-- YYYYMMDD -->
					<beginTime>08:00:00</beginTime> <!-- HHMMSS -->
					<endDate>2021-02-01</endDate> <!-- YYYYMMDD -->
					<endTime>17:00:00</endTime> <!-- HHMMSS -->
				</logisticEventPeriod>
			</plannedDespatch>
			<deliveryTerms>
				<incotermsCode>EXW</incotermsCode> <!-- mandatory -->
			</deliveryTerms>
			<transportReference>
				<entityIdentification>Additional reference</entityIdentification>
				<transportReferenceTypeCode>ACD</transportReferenceTypeCode> <!-- Additional reference -->
			</transportReference>
			<transportReference>
				<entityIdentification>Unload reference</entityIdentification>
				<transportReferenceTypeCode>AAO</transportReferenceTypeCode> <!-- Unload reference -->
			</transportReference>
			<transportReference>
				<entityIdentification>Load reference</entityIdentification>
				<transportReferenceTypeCode>ABO</transportReferenceTypeCode> <!-- Load reference -->
			</transportReference>
			<transportReference>
				<entityIdentification>shipment reference</entityIdentification>
				<transportReferenceTypeCode>AES</transportReferenceTypeCode> <!-- primary invoice reference, this is the primary reference and will overwrite entityIdentification in transportInstructionIdentification if both are provided -->
			</transportReference>
			<transportInstructionShipmentItem> <!-- repeat this segment for more goodslines with different dimensions, increasing <lineitemnumber></lineitemnumber> by 1 -->
				<lineItemNumber>1</lineItemNumber> <!-- Goodsline sequence number -->
				<transactionalTradeItem>
					<tradeItemQuantity measurementUnitCode="EA">2</tradeItemQuantity> <!-- indicates no. of shipping units -->
					<tradeItemDescription languageCode="en">books</tradeItemDescription> <!-- not used, mandatory -->
					<transactionalItemData>
						<transactionalItemLogisticUnitInformation>
							<maximumStackingFactor>1</maximumStackingFactor> <!-- Fixed value -->
							<dimensionsOfLogisticUnit> 
								<depth measurementUnitCode="M">0.370</depth>
								<height measurementUnitCode="M">0.050</height>
								<width measurementUnitCode="M">0.100</width>
							</dimensionsOfLogisticUnit>
						</transactionalItemLogisticUnitInformation>
					</transactionalItemData>
				</transactionalTradeItem>
				<transportCargoCharacteristics>
					<cargoTypeCode>12</cargoTypeCode> <!-- 11 for ADR, 12 for general cargo -->
					<cargoTypeDescription languageCode="EN">books</cargoTypeDescription> <!-- goods description, 'general cargo' not allowed -->
					<totalGrossWeight measurementUnitCode="KGM">20</totalGrossWeight> <!-- total weight of goodsline -->
					<totalItemQuantity measurementUnitCode="EA">2</totalItemQuantity> <!-- indicates no. of shipping units/labels -->
				</transportCargoCharacteristics>
				<packageTotal>
					<packageTypeCode>ct</packageTypeCode> <!-- goodsline shipping unit.-->
					<totalPackageQuantity>2</totalPackageQuantity> <!-- total number of shipping units, mandatory -->
				</packageTotal>
			</transportInstructionShipmentItem>		
			<transportInstructionShipmentItem> <!-- repeat this segment for more goodslines with different dimensions, increasing <lineitemnumber></lineitemnumber> by 1 -->
				<lineItemNumber>2</lineItemNumber> <!-- Goodsline sequence number -->
				<transactionalTradeItem>
					<tradeItemQuantity measurementUnitCode="EA">1</tradeItemQuantity> <!-- indicates no. of shipping units -->
					<tradeItemDescription languageCode="en">office supplies</tradeItemDescription> <!-- not used, mandatory -->
					<transactionalItemData>
						<transactionalItemLogisticUnitInformation>
							<maximumStackingFactor>1</maximumStackingFactor> <!-- Fixed value -->
							<dimensionsOfLogisticUnit> 
								<depth measurementUnitCode="M">0.870</depth>
								<height measurementUnitCode="M">1.050</height>
								<width measurementUnitCode="M">1.100</width>
							</dimensionsOfLogisticUnit>
						</transactionalItemLogisticUnitInformation>
					</transactionalItemData>
				</transactionalTradeItem>
				<transportCargoCharacteristics>
					<cargoTypeCode>12</cargoTypeCode> <!-- 11 for ADR, 12 for general cargo -->
					<cargoTypeDescription languageCode="EN">office supplies</cargoTypeDescription> <!-- goods description, 'general cargo' not allowed -->
					<totalGrossWeight measurementUnitCode="KGM">200</totalGrossWeight> <!-- total weight of goodsline -->
					<totalItemQuantity measurementUnitCode="EA">1</totalItemQuantity> <!-- indicates no. of shipping units/labels -->
				</transportCargoCharacteristics>
				<packageTotal>
					<packageTypeCode>px</packageTypeCode> <!-- goodsline shipping unit.-->
					<totalPackageQuantity>1</totalPackageQuantity> <!-- total number of shipping units, mandatory -->
				</packageTotal>
			</transportInstructionShipmentItem>		
		</transportInstructionShipment>
	</transportInstruction>
</transport_instruction:transportInstructionMessage>
