<?xml version="1.0" encoding="UTF-8"?>
<transport_instruction:transportInstructionMessage xmlns:transport_instruction="urn:gs1:ecom:transport_instruction:xsd:3" xmlns:sh="http://www.unece.org/cefact/namespaces/StandardBusinessDocumentHeader" xmlns:xsi="http://www.w3.org/2001/XMLSchema-instance" xsi:schemaLocation="urn:gs1:ecom:transport_instruction:xsd:3 ../Schemas/gs1/ecom/TransportInstruction.xsd">
	<sh:StandardBusinessDocumentHeader>
		<sh:HeaderVersion>1.0</sh:HeaderVersion>
		<sh:Sender>
			<sh:ContactInformation>
				<sh:Contact>CTS GROUP</sh:Contact>
				<sh:TelephoneNumber>0252-628900</sh:TelephoneNumber>
			</sh:ContactInformation>
		</sh:Sender>
		<sh:Receiver>
			<sh:ContactInformation>
				<sh:Contact>INT/MON3</sh:Contact>
			</sh:ContactInformation>
		</sh:Receiver>
		<sh:DocumentIdentification>
			<sh:Standard>GS1</sh:Standard>
			<sh:TypeVersion>3.3</sh:TypeVersion>
			<sh:InstanceIdentifier>5500849500-5500848146</sh:InstanceIdentifier>
			<sh:Type>transportInstruction</sh:Type>
			<sh:MultipleType>true</sh:MultipleType>
			<sh:CreationDateAndTime>2021-12-06T11:55:24</sh:CreationDateAndTime>
		</sh:DocumentIdentification>
	</sh:StandardBusinessDocumentHeader>
	<transportInstruction>
		<creationDateTime>2021-12-06T11:55:24</creationDateTime>
		<documentStatusCode>ORIGINAL</documentStatusCode>
		<transportInstructionIdentification>
			<entityIdentification>5500849500-5500848146</entityIdentification>
		</transportInstructionIdentification>
		<transportInstructionFunction>SHIPMENT</transportInstructionFunction>
		<transportInstructionShipment>
			<note languageCode="en">Contact before delivery. | Deliver instr. Marca: Diamond/Meknes lama sl</note>
			<receiver>
				<contact>
					<personName>932688862</personName>
					<departmentName>transaher</departmentName>
					<communicationChannel>
						<communicationChannelCode>TELEPHONE</communicationChannelCode>
						<communicationValue>932688862</communicationValue>
					</communicationChannel>
				</contact>
				<address>
					<streetAddressOne>PI El CongostII C/Casilla2</streetAddressOne>
					<postalCode>08170</postalCode>
					<city>Montornes del Valles</city>
					<countryCode>ES</countryCode>
				</address>
			</receiver>
			<shipper>
				<contact>
					<personName>Diamond Europe</personName>
					<departmentName>diamond europe</departmentName>
					<communicationChannel>
						<communicationChannelCode>TELEPHONE</communicationChannelCode>
						<communicationValue>0032 0 2 420 26</communicationValue>
					</communicationChannel>
				</contact>
				<address>
					<streetAddressOne>chaussee de vilvorde 92</streetAddressOne>
					<postalCode>1120</postalCode>
					<city>bruxelles</city>
					<countryCode>BE</countryCode>
				</address>
			</shipper>
			<shipFrom>
				<contact>
					<personName>Diamond Europe</personName>
					<departmentName>diamond europe</departmentName>
					<communicationChannel>
						<communicationChannelCode>TELEPHONE</communicationChannelCode>
						<communicationValue>0032 0 2 420 26</communicationValue>
					</communicationChannel>
				</contact>
				<address>
					<streetAddressOne>chaussee de vilvorde 92</streetAddressOne>
					<postalCode>1120</postalCode>
					<city>bruxelles</city>
					<countryCode>BE</countryCode>
				</address>
			</shipFrom>
			<shipTo>
				<contact>
					<personName>932688862</personName>
					<departmentName>transaher</departmentName>
					<communicationChannel>
						<communicationChannelCode>TELEPHONE</communicationChannelCode>
						<communicationValue>932688862</communicationValue>
					</communicationChannel>
				</contact>
				<address>
					<streetAddressOne>PI El CongostII C/Casilla2</streetAddressOne>
					<postalCode>08170</postalCode>
					<city>Montornes del Valles</city>
					<countryCode>ES</countryCode>
				</address>
			</shipTo>
			<transportInstructionTerms>
				<transportServiceCategoryType>30</transportServiceCategoryType>
				<logisticService/>
			</transportInstructionTerms>
			<transportCargoCharacteristics>
				<cargoTypeCode>12</cargoTypeCode>
				<cargoTypeDescription>BULTO</cargoTypeDescription>
				<totalGrossVolume measurementUnitCode="NM3">0.016</totalGrossVolume>
				<totalGrossWeight measurementUnitCode="KGM">3</totalGrossWeight>
				<totalPackageQuantity measurementUnitCode="EA">1</totalPackageQuantity>
				<totalItemQuantity measurementUnitCode="EA">1</totalItemQuantity>
			</transportCargoCharacteristics>
			<plannedDelivery>
				<logisticEventPeriod>
					<beginDate>2021-12-06</beginDate>
					<beginTime>09:00:00</beginTime>
					<endDate>2021-12-06</endDate>
					<endTime>17:00:00</endTime>
				</logisticEventPeriod>
			</plannedDelivery>
			<plannedDespatch>
				<logisticEventDateTime>
					<date>2021-12-05</date>
					<time>10:00:00</time>
				</logisticEventDateTime>
			</plannedDespatch>
			<deliveryTerms>
				<incotermsCode>EXW</incotermsCode>
			</deliveryTerms>
			<transportReference>
				<entityIdentification>DIAMEK2911</entityIdentification>
				<transportReferenceTypeCode>ACD</transportReferenceTypeCode>
			</transportReference>
			<transportReference>
				<entityIdentification>Marca: Diamond/Meknes lama sl</entityIdentification>
				<transportReferenceTypeCode>AAO</transportReferenceTypeCode>
			</transportReference>
			<transportReference>
				<entityIdentification>5500849500</entityIdentification>
				<transportReferenceTypeCode>AES</transportReferenceTypeCode>
			</transportReference>
			<transportReference>
				<entityIdentification>089-000000998</entityIdentification>
				<transportReferenceTypeCode>ABO</transportReferenceTypeCode>
			</transportReference>
			<transportInstructionShipmentItem>
				<lineItemNumber>1</lineItemNumber>
				<logisticUnit>
					<sscc>00387193362121960849</sscc>
					<packageLevelCode>5</packageLevelCode>
					<packageTypeCode>PK</packageTypeCode>
					<dimension>
						<depth measurementUnitCode="M">0.250</depth>
						<height measurementUnitCode="M">0.250</height>
						<width measurementUnitCode="M">0.250</width>
					</dimension>
				</logisticUnit>
				<transportCargoCharacteristics>
					<cargoTypeDescription>BULTO</cargoTypeDescription>
					<totalGrossWeight measurementUnitCode="KGM">3</totalGrossWeight>
					<totalPackageQuantity measurementUnitCode="EA">1</totalPackageQuantity>
					<totalItemQuantity measurementUnitCode="EA">1</totalItemQuantity>
				</transportCargoCharacteristics>
				<transactionalTradeItem>
					<tradeItemQuantity>1</tradeItemQuantity>
					<transactionalItemData>
						<transactionalItemDimensions/>
						<transactionalItemLogisticUnitInformation>
							<packageTypeCode>PK</packageTypeCode>
						</transactionalItemLogisticUnitInformation>
					</transactionalItemData>
				</transactionalTradeItem>
			</transportInstructionShipmentItem>
		</transportInstructionShipment>
		<transportInstructionShipment>
			<note languageCode="en">Contact before delivery. | Delivery with tail lift | Please provide POD within 24 hrs of delivery. | Deliver instr. RACLETTA + DECOF</note>
			<receiver>
				<contact>
					<personName>mari Angels</personName>
					<departmentName>Clevernet</departmentName>
					<communicationChannel>
						<communicationChannelCode>TELEPHONE</communicationChannelCode>
						<communicationValue>932688862</communicationValue>
					</communicationChannel>
				</contact>
				<address>
					<streetAddressOne>C/ BORGES BLANQUES, S/N P</streetAddressOne>
					<postalCode>08140</postalCode>
					<city>Caldes de Montbui</city>
					<countryCode>ES</countryCode>
				</address>
			</receiver>
			<shipper>
				<contact>
					<personName>Mlanie Saelen</personName>
					<departmentName>RACLETTA</departmentName>
					<communicationChannel>
						<communicationChannelCode>TELEPHONE</communicationChannelCode>
						<communicationValue>+3251226906</communicationValue>
					</communicationChannel>
				</contact>
				<address>
					<streetAddressOne>KORTEMARKSTRAAT 86</streetAddressOne>
					<postalCode>8810</postalCode>
					<city>lichterverde</city>
					<countryCode>BE</countryCode>
				</address>
			</shipper>
			<shipFrom>
				<contact>
					<personName>Mlanie Saelen</personName>
					<departmentName>RACLETTA</departmentName>
					<communicationChannel>
						<communicationChannelCode>TELEPHONE</communicationChannelCode>
						<communicationValue>+3251226906</communicationValue>
					</communicationChannel>
				</contact>
				<address>
					<streetAddressOne>KORTEMARKSTRAAT 86</streetAddressOne>
					<postalCode>8810</postalCode>
					<city>lichterverde</city>
					<countryCode>BE</countryCode>
				</address>
			</shipFrom>
			<shipTo>
				<contact>
					<personName>mari Angels</personName>
					<departmentName>Clevernet</departmentName>
					<communicationChannel>
						<communicationChannelCode>TELEPHONE</communicationChannelCode>
						<communicationValue>932688862</communicationValue>
					</communicationChannel>
				</contact>
				<address>
					<streetAddressOne>C/ BORGES BLANQUES, S/N P</streetAddressOne>
					<postalCode>08140</postalCode>
					<city>Caldes de Montbui</city>
					<countryCode>ES</countryCode>
				</address>
			</shipTo>
			<transportInstructionTerms>
				<transportServiceCategoryType>30</transportServiceCategoryType>
				<logisticService/>
			</transportInstructionTerms>
			<transportCargoCharacteristics>
				<cargoTypeCode>12</cargoTypeCode>
				<cargoTypeDescription>PALLET</cargoTypeDescription>
				<totalGrossVolume measurementUnitCode="NM3">6.528</totalGrossVolume>
				<totalGrossWeight measurementUnitCode="KGM">850</totalGrossWeight>
				<totalPackageQuantity measurementUnitCode="EA">4</totalPackageQuantity>
				<totalItemQuantity measurementUnitCode="EA">4</totalItemQuantity>
			</transportCargoCharacteristics>
			<plannedDelivery>
				<logisticEventPeriod>
					<beginDate>2021-11-30</beginDate>
					<beginTime>09:00:00</beginTime>
					<endDate>2021-11-30</endDate>
					<endTime>17:00:00</endTime>
				</logisticEventPeriod>
			</plannedDelivery>
			<plannedDespatch>
				<logisticEventDateTime>
					<date>2021-12-05</date>
					<time>10:00:00</time>
				</logisticEventDateTime>
			</plannedDespatch>
			<deliveryTerms>
				<incotermsCode>EXW</incotermsCode>
			</deliveryTerms>
			<transportReference>
				<entityIdentification>RACLE2611</entityIdentification>
				<transportReferenceTypeCode>ACD</transportReferenceTypeCode>
			</transportReference>
			<transportReference>
				<entityIdentification>RACLETTA + DECOF</entityIdentification>
				<transportReferenceTypeCode>AAO</transportReferenceTypeCode>
			</transportReference>
			<transportReference>
				<entityIdentification>5500848146</entityIdentification>
				<transportReferenceTypeCode>AES</transportReferenceTypeCode>
			</transportReference>
			<transportReference>
				<entityIdentification>221/441 CLEVERNET Spanje</entityIdentification>
				<transportReferenceTypeCode>ABO</transportReferenceTypeCode>
			</transportReference>
			<transportInstructionShipmentItem>
				<lineItemNumber>1</lineItemNumber>
				<logisticUnit>
					<sscc>00387193362121906953</sscc>
					<packageLevelCode>5</packageLevelCode>
					<packageTypeCode>201</packageTypeCode>
					<dimension>
						<depth measurementUnitCode="M">1.200</depth>
						<height measurementUnitCode="M">1.700</height>
						<width measurementUnitCode="M">0.800</width>
					</dimension>
				</logisticUnit>
				<logisticUnit>
					<sscc>00387193362121906960</sscc>
					<packageLevelCode>5</packageLevelCode>
					<packageTypeCode>201</packageTypeCode>
					<dimension>
						<depth measurementUnitCode="M">1.200</depth>
						<height measurementUnitCode="M">1.700</height>
						<width measurementUnitCode="M">0.800</width>
					</dimension>
				</logisticUnit>
				<logisticUnit>
					<sscc>00387193362121906977</sscc>
					<packageLevelCode>5</packageLevelCode>
					<packageTypeCode>201</packageTypeCode>
					<dimension>
						<depth measurementUnitCode="M">1.200</depth>
						<height measurementUnitCode="M">1.700</height>
						<width measurementUnitCode="M">0.800</width>
					</dimension>
				</logisticUnit>
				<logisticUnit>
					<sscc>00387193362121906984</sscc>
					<packageLevelCode>5</packageLevelCode>
					<packageTypeCode>201</packageTypeCode>
					<dimension>
						<depth measurementUnitCode="M">1.200</depth>
						<height measurementUnitCode="M">1.700</height>
						<width measurementUnitCode="M">0.800</width>
					</dimension>
				</logisticUnit>
				<transportCargoCharacteristics>
					<cargoTypeDescription>PALLET</cargoTypeDescription>
					<totalGrossWeight measurementUnitCode="KGM">850</totalGrossWeight>
					<totalPackageQuantity measurementUnitCode="EA">4</totalPackageQuantity>
					<totalItemQuantity measurementUnitCode="EA">4</totalItemQuantity>
				</transportCargoCharacteristics>
				<transactionalTradeItem>
					<tradeItemQuantity>4</tradeItemQuantity>
					<transactionalItemData>
						<transactionalItemDimensions/>
						<transactionalItemLogisticUnitInformation>
							<packageTypeCode>201</packageTypeCode>
						</transactionalItemLogisticUnitInformation>
					</transactionalItemData>
				</transactionalTradeItem>
			</transportInstructionShipmentItem>
		</transportInstructionShipment>
	</transportInstruction>
</transport_instruction:transportInstructionMessage>