<?xml version="1.0" encoding="UTF-8"?>
<routings>
    <routing>
        <id>1</id>
        <country>AD</country>
        <zipcode_from>AD</zipcode_from>
        <zipcode_till>AD</zipcode_till>
        <zone>AD</zone>
    </routing>
    <routing>
        <id>2</id>
        <country>AL</country>
        <zipcode_from>0</zipcode_from>
        <zipcode_till>99999</zipcode_till>
        <zone>ALBANIE</zone>
    </routing>
    <routing>
        <id>3</id>
        <country>AT</country>
        <zipcode_from>0</zipcode_from>
        <zipcode_till>99999</zipcode_till>
        <zone>AT</zone>
    </routing>
    <routing>
        <id>4</id>
        <country>AU</country>
        <zipcode_from>0</zipcode_from>
        <zipcode_till>99999</zipcode_till>
        <zone>AU</zone>
    </routing>
    <routing>
        <id>5</id>
        <country>BA</country>
        <zipcode_from>0</zipcode_from>
        <zipcode_till>99999</zipcode_till>
        <zone>BA</zone>
    </routing>
    <routing>
        <id>6</id>
        <country>BE</country>
        <zipcode_from>1000</zipcode_from>
        <zipcode_till>1703</zipcode_till>
        <zone>BE1</zone>
    </routing>
    <routing>
        <id>7</id>
        <country>BE</country>
        <zipcode_from>1704</zipcode_from>
        <zipcode_till>1749</zipcode_till>
        <zone>BE5</zone>
    </routing>
    <routing>
        <id>8</id>
        <country>BE</country>
        <zipcode_from>1750</zipcode_from>
        <zipcode_till>1770</zipcode_till>
        <zone>BE1</zone>
    </routing>
    <routing>
        <id>9</id>
        <country>BE</country>
        <zipcode_from>1771</zipcode_from>
        <zipcode_till>1949</zipcode_till>
        <zone>BE5</zone>
    </routing>
    <routing>
        <id>10</id>
        <country>BE</country>
        <zipcode_from>1950</zipcode_from>
        <zipcode_till>1950</zipcode_till>
        <zone>BE1</zone>
    </routing>
    <routing>
        <id>11</id>
        <country>BE</country>
        <zipcode_from>1951</zipcode_from>
        <zipcode_till>2069</zipcode_till>
        <zone>BE5</zone>
    </routing>
    <routing>
        <id>12</id>
        <country>BE</country>
        <zipcode_from>2070</zipcode_from>
        <zipcode_till>2070</zipcode_till>
        <zone>BE4</zone>
    </routing>
    <routing>
        <id>13</id>
        <country>BE</country>
        <zipcode_from>2071</zipcode_from>
        <zipcode_till>2199</zipcode_till>
        <zone>BE5</zone>
    </routing>
    <routing>
        <id>14</id>
        <country>BE</country>
        <zipcode_from>2200</zipcode_from>
        <zipcode_till>2235</zipcode_till>
        <zone>BE3</zone>
    </routing>
    <routing>
        <id>15</id>
        <country>BE</country>
        <zipcode_from>2236</zipcode_from>
        <zipcode_till>2249</zipcode_till>
        <zone>BE5</zone>
    </routing>
    <routing>
        <id>16</id>
        <country>BE</country>
        <zipcode_from>2250</zipcode_from>
        <zipcode_till>2250</zipcode_till>
        <zone>BE3</zone>
    </routing>
    <routing>
        <id>17</id>
        <country>BE</country>
        <zipcode_from>2251</zipcode_from>
        <zipcode_till>2259</zipcode_till>
        <zone>BE5</zone>
    </routing>
    <routing>
        <id>18</id>
        <country>BE</country>
        <zipcode_from>2260</zipcode_from>
        <zipcode_till>2387</zipcode_till>
        <zone>BE3</zone>
    </routing>
    <routing>
        <id>19</id>
        <country>BE</country>
        <zipcode_from>2388</zipcode_from>
        <zipcode_till>2399</zipcode_till>
        <zone>BE5</zone>
    </routing>
    <routing>
        <id>20</id>
        <country>BE</country>
        <zipcode_from>2400</zipcode_from>
        <zipcode_till>2491</zipcode_till>
        <zone>BE3</zone>
    </routing>
    <routing>
        <id>21</id>
        <country>BE</country>
        <zipcode_from>2492</zipcode_from>
        <zipcode_till>3000</zipcode_till>
        <zone>BE5</zone>
    </routing>
    <routing>
        <id>22</id>
        <country>BE</country>
        <zipcode_from>3001</zipcode_from>
        <zipcode_till>3770</zipcode_till>
        <zone>BE3</zone>
    </routing>
    <routing>
        <id>23</id>
        <country>BE</country>
        <zipcode_from>3771</zipcode_from>
        <zipcode_till>3799</zipcode_till>
        <zone>BE5</zone>
    </routing>
    <routing>
        <id>24</id>
        <country>BE</country>
        <zipcode_from>3800</zipcode_from>
        <zipcode_till>3990</zipcode_till>
        <zone>BE3</zone>
    </routing>
    <routing>
        <id>25</id>
        <country>BE</country>
        <zipcode_from>3991</zipcode_from>
        <zipcode_till>4209</zipcode_till>
        <zone>BE5</zone>
    </routing>
    <routing>
        <id>26</id>
        <country>BE</country>
        <zipcode_from>4210</zipcode_from>
        <zipcode_till>4219</zipcode_till>
        <zone>BE1</zone>
    </routing>
    <routing>
        <id>27</id>
        <country>BE</country>
        <zipcode_from>4220</zipcode_from>
        <zipcode_till>4299</zipcode_till>
        <zone>BE5</zone>
    </routing>
    <routing>
        <id>28</id>
        <country>BE</country>
        <zipcode_from>4300</zipcode_from>
        <zipcode_till>4300</zipcode_till>
        <zone>BE5</zone>
    </routing>
    <routing>
        <id>29</id>
        <country>BE</country>
        <zipcode_from>4600</zipcode_from>
        <zipcode_till>4999</zipcode_till>
        <zone>BE6</zone>
    </routing>
    <routing>
        <id>30</id>
        <country>BE</country>
        <zipcode_from>5000</zipcode_from>
        <zipcode_till>5380</zipcode_till>
        <zone>BE1</zone>
    </routing>
    <routing>
        <id>31</id>
        <country>BE</country>
        <zipcode_from>4301</zipcode_from>
        <zipcode_till>4599</zipcode_till>
        <zone>BE5</zone>
    </routing>
    <routing>
        <id>32</id>
        <country>BE</country>
        <zipcode_from>5381</zipcode_from>
        <zipcode_till>5599</zipcode_till>
        <zone>BE6</zone>
    </routing>
    <routing>
        <id>33</id>
        <country>BE</country>
        <zipcode_from>5600</zipcode_from>
        <zipcode_till>6596</zipcode_till>
        <zone>BE1</zone>
    </routing>
    <routing>
        <id>34</id>
        <country>BE</country>
        <zipcode_from>6597</zipcode_from>
        <zipcode_till>6999</zipcode_till>
        <zone>BE6</zone>
    </routing>
    <routing>
        <id>35</id>
        <country>BE</country>
        <zipcode_from>7000</zipcode_from>
        <zipcode_till>7760</zipcode_till>
        <zone>BE1</zone>
    </routing>
    <routing>
        <id>36</id>
        <country>BE</country>
        <zipcode_from>7761</zipcode_from>
        <zipcode_till>7779</zipcode_till>
        <zone>BE4</zone>
    </routing>
    <routing>
        <id>37</id>
        <country>BE</country>
        <zipcode_from>7780</zipcode_from>
        <zipcode_till>7784</zipcode_till>
        <zone>BE2</zone>
    </routing>
    <routing>
        <id>38</id>
        <country>BE</country>
        <zipcode_from>7785</zipcode_from>
        <zipcode_till>7799</zipcode_till>
        <zone>BE4</zone>
    </routing>
    <routing>
        <id>39</id>
        <country>BE</country>
        <zipcode_from>7800</zipcode_from>
        <zipcode_till>7999</zipcode_till>
        <zone>BE1</zone>
    </routing>
    <routing>
        <id>40</id>
        <country>BE</country>
        <zipcode_from>8000</zipcode_from>
        <zipcode_till>9042</zipcode_till>
        <zone>BE2</zone>
    </routing>
    <routing>
        <id>41</id>
        <country>BE</country>
        <zipcode_from>9043</zipcode_from>
        <zipcode_till>9059</zipcode_till>
        <zone>BE4</zone>
    </routing>
    <routing>
        <id>42</id>
        <country>BE</country>
        <zipcode_from>9060</zipcode_from>
        <zipcode_till>9060</zipcode_till>
        <zone>BE2</zone>
    </routing>
    <routing>
        <id>43</id>
        <country>BE</country>
        <zipcode_from>9061</zipcode_from>
        <zipcode_till>9449</zipcode_till>
        <zone>BE4</zone>
    </routing>
    <routing>
        <id>44</id>
        <country>BE</country>
        <zipcode_from>9450</zipcode_from>
        <zipcode_till>9506</zipcode_till>
        <zone>BE1</zone>
    </routing>
    <routing>
        <id>45</id>
        <country>BE</country>
        <zipcode_from>9507</zipcode_from>
        <zipcode_till>9569</zipcode_till>
        <zone>BE4</zone>
    </routing>
    <routing>
        <id>46</id>
        <country>BE</country>
        <zipcode_from>9570</zipcode_from>
        <zipcode_till>9600</zipcode_till>
        <zone>BE1</zone>
    </routing>
    <routing>
        <id>47</id>
        <country>BE</country>
        <zipcode_from>9601</zipcode_from>
        <zipcode_till>9659</zipcode_till>
        <zone>BE4</zone>
    </routing>
    <routing>
        <id>48</id>
        <country>BE</country>
        <zipcode_from>9660</zipcode_from>
        <zipcode_till>9690</zipcode_till>
        <zone>BE1</zone>
    </routing>
    <routing>
        <id>49</id>
        <country>BE</country>
        <zipcode_from>9691</zipcode_from>
        <zipcode_till>9769</zipcode_till>
        <zone>BE4</zone>
    </routing>
    <routing>
        <id>50</id>
        <country>BE</country>
        <zipcode_from>9770</zipcode_from>
        <zipcode_till>9790</zipcode_till>
        <zone>BE2</zone>
    </routing>
    <routing>
        <id>51</id>
        <country>BE</country>
        <zipcode_from>9791</zipcode_from>
        <zipcode_till>9849</zipcode_till>
        <zone>BE4</zone>
    </routing>
    <routing>
        <id>52</id>
        <country>BE</country>
        <zipcode_from>9850</zipcode_from>
        <zipcode_till>9859</zipcode_till>
        <zone>BE2</zone>
    </routing>
    <routing>
        <id>53</id>
        <country>BE</country>
        <zipcode_from>9860</zipcode_from>
        <zipcode_till>9860</zipcode_till>
        <zone>BE4</zone>
    </routing>
    <routing>
        <id>54</id>
        <country>BE</country>
        <zipcode_from>9861</zipcode_from>
        <zipcode_till>9881</zipcode_till>
        <zone>BE2</zone>
    </routing>
    <routing>
        <id>55</id>
        <country>BE</country>
        <zipcode_from>9882</zipcode_from>
        <zipcode_till>9899</zipcode_till>
        <zone>BE4</zone>
    </routing>
    <routing>
        <id>56</id>
        <country>BE</country>
        <zipcode_from>9900</zipcode_from>
        <zipcode_till>9992</zipcode_till>
        <zone>BE2</zone>
    </routing>
    <routing>
        <id>57</id>
        <country>BG</country>
        <zipcode_from>0</zipcode_from>
        <zipcode_till>99999</zipcode_till>
        <zone>BG</zone>
    </routing>
    <routing>
        <id>58</id>
        <country>BY</country>
        <zipcode_from>0</zipcode_from>
        <zipcode_till>99999</zipcode_till>
        <zone>BY</zone>
    </routing>
    <routing>
        <id>59</id>
        <country>CE</country>
        <zipcode_from>0</zipcode_from>
        <zipcode_till>99999</zipcode_till>
        <zone>CE</zone>
    </routing>
    <routing>
        <id>60</id>
        <country>CH</country>
        <zipcode_from>0</zipcode_from>
        <zipcode_till>99999</zipcode_till>
        <zone>CH</zone>
    </routing>
    <routing>
        <id>61</id>
        <country>CL</country>
        <zipcode_from>0</zipcode_from>
        <zipcode_till>99999</zipcode_till>
        <zone>CL</zone>
    </routing>
    <routing>
        <id>62</id>
        <country>CM</country>
        <zipcode_from>0</zipcode_from>
        <zipcode_till>99999</zipcode_till>
        <zone>CM</zone>
    </routing>
    <routing>
        <id>63</id>
        <country>CN</country>
        <zipcode_from>0</zipcode_from>
        <zipcode_till>99999</zipcode_till>
        <zone>CN</zone>
    </routing>
    <routing>
        <id>64</id>
        <country>CS</country>
        <zipcode_from>0</zipcode_from>
        <zipcode_till>99999</zipcode_till>
        <zone>CS</zone>
    </routing>
    <routing>
        <id>65</id>
        <country>CY</country>
        <zipcode_from>0</zipcode_from>
        <zipcode_till>99999</zipcode_till>
        <zone>CY</zone>
    </routing>
    <routing>
        <id>66</id>
        <country>CZ</country>
        <zipcode_from>0</zipcode_from>
        <zipcode_till>99999</zipcode_till>
        <zone>CZ</zone>
    </routing>
    <routing>
        <id>67</id>
        <country>DE</country>
        <zipcode_from>01000</zipcode_from>
        <zipcode_till>01999</zipcode_till>
        <zone>DEF</zone>
    </routing>
    <routing>
        <id>68</id>
        <country>DE</country>
        <zipcode_from>02000</zipcode_from>
        <zipcode_till>02999</zipcode_till>
        <zone>DEF</zone>
    </routing>
    <routing>
        <id>69</id>
        <country>DE</country>
        <zipcode_from>03000</zipcode_from>
        <zipcode_till>03999</zipcode_till>
        <zone>DEF</zone>
    </routing>
    <routing>
        <id>70</id>
        <country>DE</country>
        <zipcode_from>04000</zipcode_from>
        <zipcode_till>04999</zipcode_till>
        <zone>DEF</zone>
    </routing>
    <routing>
        <id>71</id>
        <country>DE</country>
        <zipcode_from>06000</zipcode_from>
        <zipcode_till>06999</zipcode_till>
        <zone>DEX</zone>
    </routing>
    <routing>
        <id>72</id>
        <country>DE</country>
        <zipcode_from>07000</zipcode_from>
        <zipcode_till>07999</zipcode_till>
        <zone>DEF</zone>
    </routing>
    <routing>
        <id>73</id>
        <country>DE</country>
        <zipcode_from>08000</zipcode_from>
        <zipcode_till>08999</zipcode_till>
        <zone>DEF</zone>
    </routing>
    <routing>
        <id>74</id>
        <country>DE</country>
        <zipcode_from>09000</zipcode_from>
        <zipcode_till>09999</zipcode_till>
        <zone>DEF</zone>
    </routing>
    <routing>
        <id>75</id>
        <country>DE</country>
        <zipcode_from>10000</zipcode_from>
        <zipcode_till>10999</zipcode_till>
        <zone>DEF</zone>
    </routing>
    <routing>
        <id>76</id>
        <country>DE</country>
        <zipcode_from>12000</zipcode_from>
        <zipcode_till>12999</zipcode_till>
        <zone>DEF</zone>
    </routing>
    <routing>
        <id>77</id>
        <country>DE</country>
        <zipcode_from>13000</zipcode_from>
        <zipcode_till>13999</zipcode_till>
        <zone>DEF</zone>
    </routing>
    <routing>
        <id>78</id>
        <country>DE</country>
        <zipcode_from>14000</zipcode_from>
        <zipcode_till>14999</zipcode_till>
        <zone>DEX</zone>
    </routing>
    <routing>
        <id>79</id>
        <country>DE</country>
        <zipcode_from>15000</zipcode_from>
        <zipcode_till>15999</zipcode_till>
        <zone>DEF</zone>
    </routing>
    <routing>
        <id>80</id>
        <country>DE</country>
        <zipcode_from>16000</zipcode_from>
        <zipcode_till>16999</zipcode_till>
        <zone>DEX</zone>
    </routing>
    <routing>
        <id>81</id>
        <country>DE</country>
        <zipcode_from>17000</zipcode_from>
        <zipcode_till>17999</zipcode_till>
        <zone>DEX</zone>
    </routing>
    <routing>
        <id>82</id>
        <country>DE</country>
        <zipcode_from>18000</zipcode_from>
        <zipcode_till>18999</zipcode_till>
        <zone>DEX</zone>
    </routing>
    <routing>
        <id>83</id>
        <country>DE</country>
        <zipcode_from>19000</zipcode_from>
        <zipcode_till>19999</zipcode_till>
        <zone>DEX</zone>
    </routing>
    <routing>
        <id>84</id>
        <country>DE</country>
        <zipcode_from>20000</zipcode_from>
        <zipcode_till>20999</zipcode_till>
        <zone>DEFG</zone>
    </routing>
    <routing>
        <id>85</id>
        <country>DE</country>
        <zipcode_from>21000</zipcode_from>
        <zipcode_till>21999</zipcode_till>
        <zone>DEX</zone>
    </routing>
    <routing>
        <id>86</id>
        <country>DE</country>
        <zipcode_from>22000</zipcode_from>
        <zipcode_till>22999</zipcode_till>
        <zone>DEF</zone>
    </routing>
    <routing>
        <id>87</id>
        <country>DE</country>
        <zipcode_from>23000</zipcode_from>
        <zipcode_till>23999</zipcode_till>
        <zone>DEX</zone>
    </routing>
    <routing>
        <id>88</id>
        <country>DE</country>
        <zipcode_from>24000</zipcode_from>
        <zipcode_till>24999</zipcode_till>
        <zone>DEF</zone>
    </routing>
    <routing>
        <id>89</id>
        <country>DE</country>
        <zipcode_from>25000</zipcode_from>
        <zipcode_till>25999</zipcode_till>
        <zone>DEX</zone>
    </routing>
    <routing>
        <id>90</id>
        <country>DE</country>
        <zipcode_from>26000</zipcode_from>
        <zipcode_till>26999</zipcode_till>
        <zone>DEX</zone>
    </routing>
    <routing>
        <id>91</id>
        <country>DE</country>
        <zipcode_from>27000</zipcode_from>
        <zipcode_till>27999</zipcode_till>
        <zone>DEX</zone>
    </routing>
    <routing>
        <id>92</id>
        <country>DE</country>
        <zipcode_from>28000</zipcode_from>
        <zipcode_till>28999</zipcode_till>
        <zone>DEFG</zone>
    </routing>
    <routing>
        <id>93</id>
        <country>DE</country>
        <zipcode_from>29000</zipcode_from>
        <zipcode_till>29999</zipcode_till>
        <zone>DEX</zone>
    </routing>
    <routing>
        <id>94</id>
        <country>DE</country>
        <zipcode_from>30000</zipcode_from>
        <zipcode_till>30999</zipcode_till>
        <zone>DEFG</zone>
    </routing>
    <routing>
        <id>95</id>
        <country>DE</country>
        <zipcode_from>31000</zipcode_from>
        <zipcode_till>31999</zipcode_till>
        <zone>DEF</zone>
    </routing>
    <routing>
        <id>96</id>
        <country>DE</country>
        <zipcode_from>32000</zipcode_from>
        <zipcode_till>32999</zipcode_till>
        <zone>DEF</zone>
    </routing>
    <routing>
        <id>97</id>
        <country>DE</country>
        <zipcode_from>33000</zipcode_from>
        <zipcode_till>33999</zipcode_till>
        <zone>DEF</zone>
    </routing>
    <routing>
        <id>98</id>
        <country>DE</country>
        <zipcode_from>34000</zipcode_from>
        <zipcode_till>34999</zipcode_till>
        <zone>DEF</zone>
    </routing>
    <routing>
        <id>99</id>
        <country>DE</country>
        <zipcode_from>35000</zipcode_from>
        <zipcode_till>35999</zipcode_till>
        <zone>DEF</zone>
    </routing>
    <routing>
        <id>100</id>
        <country>DE</country>
        <zipcode_from>36000</zipcode_from>
        <zipcode_till>36999</zipcode_till>
        <zone>DEF</zone>
    </routing>
    <routing>
        <id>101</id>
        <country>DE</country>
        <zipcode_from>37000</zipcode_from>
        <zipcode_till>37999</zipcode_till>
        <zone>DEX</zone>
    </routing>
    <routing>
        <id>102</id>
        <country>DE</country>
        <zipcode_from>38000</zipcode_from>
        <zipcode_till>38999</zipcode_till>
        <zone>DEX</zone>
    </routing>
    <routing>
        <id>103</id>
        <country>DE</country>
        <zipcode_from>39000</zipcode_from>
        <zipcode_till>39999</zipcode_till>
        <zone>DEF</zone>
    </routing>
    <routing>
        <id>104</id>
        <country>DE</country>
        <zipcode_from>40000</zipcode_from>
        <zipcode_till>40999</zipcode_till>
        <zone>DEFG</zone>
    </routing>
    <routing>
        <id>105</id>
        <country>DE</country>
        <zipcode_from>41000</zipcode_from>
        <zipcode_till>41999</zipcode_till>
        <zone>DEFG</zone>
    </routing>
    <routing>
        <id>106</id>
        <country>DE</country>
        <zipcode_from>42000</zipcode_from>
        <zipcode_till>42999</zipcode_till>
        <zone>DEFG</zone>
    </routing>
    <routing>
        <id>107</id>
        <country>DE</country>
        <zipcode_from>44000</zipcode_from>
        <zipcode_till>44999</zipcode_till>
        <zone>DEFG</zone>
    </routing>
    <routing>
        <id>108</id>
        <country>DE</country>
        <zipcode_from>45000</zipcode_from>
        <zipcode_till>45999</zipcode_till>
        <zone>DEFG</zone>
    </routing>
    <routing>
        <id>109</id>
        <country>DE</country>
        <zipcode_from>46000</zipcode_from>
        <zipcode_till>46999</zipcode_till>
        <zone>DEFG</zone>
    </routing>
    <routing>
        <id>110</id>
        <country>DE</country>
        <zipcode_from>47000</zipcode_from>
        <zipcode_till>47999</zipcode_till>
        <zone>DEFG</zone>
    </routing>
    <routing>
        <id>111</id>
        <country>DE</country>
        <zipcode_from>48000</zipcode_from>
        <zipcode_till>48999</zipcode_till>
        <zone>DEFG</zone>
    </routing>
    <routing>
        <id>112</id>
        <country>DE</country>
        <zipcode_from>49000</zipcode_from>
        <zipcode_till>49999</zipcode_till>
        <zone>DEF</zone>
    </routing>
    <routing>
        <id>113</id>
        <country>DE</country>
        <zipcode_from>50000</zipcode_from>
        <zipcode_till>50999</zipcode_till>
        <zone>DEFG</zone>
    </routing>
    <routing>
        <id>114</id>
        <country>DE</country>
        <zipcode_from>51000</zipcode_from>
        <zipcode_till>51999</zipcode_till>
        <zone>DEFG</zone>
    </routing>
    <routing>
        <id>115</id>
        <country>DE</country>
        <zipcode_from>52000</zipcode_from>
        <zipcode_till>52999</zipcode_till>
        <zone>DEFG</zone>
    </routing>
    <routing>
        <id>116</id>
        <country>DE</country>
        <zipcode_from>53000</zipcode_from>
        <zipcode_till>53999</zipcode_till>
        <zone>DEFG</zone>
    </routing>
    <routing>
        <id>117</id>
        <country>DE</country>
        <zipcode_from>54000</zipcode_from>
        <zipcode_till>54999</zipcode_till>
        <zone>DEFG</zone>
    </routing>
    <routing>
        <id>118</id>
        <country>DE</country>
        <zipcode_from>55000</zipcode_from>
        <zipcode_till>55999</zipcode_till>
        <zone>DEX</zone>
    </routing>
    <routing>
        <id>119</id>
        <country>DE</country>
        <zipcode_from>56000</zipcode_from>
        <zipcode_till>56999</zipcode_till>
        <zone>DEFG</zone>
    </routing>
    <routing>
        <id>120</id>
        <country>DE</country>
        <zipcode_from>57000</zipcode_from>
        <zipcode_till>57999</zipcode_till>
        <zone>DEF</zone>
    </routing>
    <routing>
        <id>121</id>
        <country>DE</country>
        <zipcode_from>58000</zipcode_from>
        <zipcode_till>58999</zipcode_till>
        <zone>DEF</zone>
    </routing>
    <routing>
        <id>122</id>
        <country>DE</country>
        <zipcode_from>59000</zipcode_from>
        <zipcode_till>59999</zipcode_till>
        <zone>DEF</zone>
    </routing>
    <routing>
        <id>123</id>
        <country>DE</country>
        <zipcode_from>60000</zipcode_from>
        <zipcode_till>60999</zipcode_till>
        <zone>DEF</zone>
    </routing>
    <routing>
        <id>124</id>
        <country>DE</country>
        <zipcode_from>61000</zipcode_from>
        <zipcode_till>61999</zipcode_till>
        <zone>DEF</zone>
    </routing>
    <routing>
        <id>125</id>
        <country>DE</country>
        <zipcode_from>63000</zipcode_from>
        <zipcode_till>63999</zipcode_till>
        <zone>DEF</zone>
    </routing>
    <routing>
        <id>126</id>
        <country>DE</country>
        <zipcode_from>64000</zipcode_from>
        <zipcode_till>64999</zipcode_till>
        <zone>DEF</zone>
    </routing>
    <routing>
        <id>127</id>
        <country>DE</country>
        <zipcode_from>65000</zipcode_from>
        <zipcode_till>65999</zipcode_till>
        <zone>DEF</zone>
    </routing>
    <routing>
        <id>128</id>
        <country>DE</country>
        <zipcode_from>66000</zipcode_from>
        <zipcode_till>66999</zipcode_till>
        <zone>DEF</zone>
    </routing>
    <routing>
        <id>129</id>
        <country>DE</country>
        <zipcode_from>67000</zipcode_from>
        <zipcode_till>67999</zipcode_till>
        <zone>DEX</zone>
    </routing>
    <routing>
        <id>130</id>
        <country>DE</country>
        <zipcode_from>68000</zipcode_from>
        <zipcode_till>68999</zipcode_till>
        <zone>DEF</zone>
    </routing>
    <routing>
        <id>131</id>
        <country>DE</country>
        <zipcode_from>69000</zipcode_from>
        <zipcode_till>69999</zipcode_till>
        <zone>DEX</zone>
    </routing>
    <routing>
        <id>132</id>
        <country>DE</country>
        <zipcode_from>70000</zipcode_from>
        <zipcode_till>70999</zipcode_till>
        <zone>DEF</zone>
    </routing>
    <routing>
        <id>133</id>
        <country>DE</country>
        <zipcode_from>71000</zipcode_from>
        <zipcode_till>71999</zipcode_till>
        <zone>DEF</zone>
    </routing>
    <routing>
        <id>134</id>
        <country>DE</country>
        <zipcode_from>72000</zipcode_from>
        <zipcode_till>72999</zipcode_till>
        <zone>DEX</zone>
    </routing>
    <routing>
        <id>135</id>
        <country>DE</country>
        <zipcode_from>73000</zipcode_from>
        <zipcode_till>73999</zipcode_till>
        <zone>DEF</zone>
    </routing>
    <routing>
        <id>136</id>
        <country>DE</country>
        <zipcode_from>74000</zipcode_from>
        <zipcode_till>74999</zipcode_till>
        <zone>DEX</zone>
    </routing>
    <routing>
        <id>137</id>
        <country>DE</country>
        <zipcode_from>75000</zipcode_from>
        <zipcode_till>75999</zipcode_till>
        <zone>DEX</zone>
    </routing>
    <routing>
        <id>138</id>
        <country>DE</country>
        <zipcode_from>76000</zipcode_from>
        <zipcode_till>76999</zipcode_till>
        <zone>DEF</zone>
    </routing>
    <routing>
        <id>139</id>
        <country>DE</country>
        <zipcode_from>77000</zipcode_from>
        <zipcode_till>77999</zipcode_till>
        <zone>DEF</zone>
    </routing>
    <routing>
        <id>140</id>
        <country>DE</country>
        <zipcode_from>78000</zipcode_from>
        <zipcode_till>78999</zipcode_till>
        <zone>DEX</zone>
    </routing>
    <routing>
        <id>141</id>
        <country>DE</country>
        <zipcode_from>79000</zipcode_from>
        <zipcode_till>79999</zipcode_till>
        <zone>DEF</zone>
    </routing>
    <routing>
        <id>142</id>
        <country>DE</country>
        <zipcode_from>80000</zipcode_from>
        <zipcode_till>80999</zipcode_till>
        <zone>DEF</zone>
    </routing>
    <routing>
        <id>143</id>
        <country>DE</country>
        <zipcode_from>81000</zipcode_from>
        <zipcode_till>81999</zipcode_till>
        <zone>DEF</zone>
    </routing>
    <routing>
        <id>144</id>
        <country>DE</country>
        <zipcode_from>82000</zipcode_from>
        <zipcode_till>82999</zipcode_till>
        <zone>DEX</zone>
    </routing>
    <routing>
        <id>145</id>
        <country>DE</country>
        <zipcode_from>83000</zipcode_from>
        <zipcode_till>83999</zipcode_till>
        <zone>DEX</zone>
    </routing>
    <routing>
        <id>146</id>
        <country>DE</country>
        <zipcode_from>84000</zipcode_from>
        <zipcode_till>84999</zipcode_till>
        <zone>DEX</zone>
    </routing>
    <routing>
        <id>147</id>
        <country>DE</country>
        <zipcode_from>85000</zipcode_from>
        <zipcode_till>85999</zipcode_till>
        <zone>DEX</zone>
    </routing>
    <routing>
        <id>148</id>
        <country>DE</country>
        <zipcode_from>86000</zipcode_from>
        <zipcode_till>86999</zipcode_till>
        <zone>DEX</zone>
    </routing>
    <routing>
        <id>149</id>
        <country>DE</country>
        <zipcode_from>87000</zipcode_from>
        <zipcode_till>87999</zipcode_till>
        <zone>DEF</zone>
    </routing>
    <routing>
        <id>150</id>
        <country>DE</country>
        <zipcode_from>88000</zipcode_from>
        <zipcode_till>88999</zipcode_till>
        <zone>DEF</zone>
    </routing>
    <routing>
        <id>151</id>
        <country>DE</country>
        <zipcode_from>89000</zipcode_from>
        <zipcode_till>89999</zipcode_till>
        <zone>DEF</zone>
    </routing>
    <routing>
        <id>152</id>
        <country>DE</country>
        <zipcode_from>90000</zipcode_from>
        <zipcode_till>90999</zipcode_till>
        <zone>DEF</zone>
    </routing>
    <routing>
        <id>153</id>
        <country>DE</country>
        <zipcode_from>91000</zipcode_from>
        <zipcode_till>91999</zipcode_till>
        <zone>DEF</zone>
    </routing>
    <routing>
        <id>154</id>
        <country>DE</country>
        <zipcode_from>92000</zipcode_from>
        <zipcode_till>92999</zipcode_till>
        <zone>DEX</zone>
    </routing>
    <routing>
        <id>155</id>
        <country>DE</country>
        <zipcode_from>93000</zipcode_from>
        <zipcode_till>93999</zipcode_till>
        <zone>DEX</zone>
    </routing>
    <routing>
        <id>156</id>
        <country>DE</country>
        <zipcode_from>95000</zipcode_from>
        <zipcode_till>95999</zipcode_till>
        <zone>DEF</zone>
    </routing>
    <routing>
        <id>157</id>
        <country>DE</country>
        <zipcode_from>94000</zipcode_from>
        <zipcode_till>94999</zipcode_till>
        <zone>DEF</zone>
    </routing>
    <routing>
        <id>158</id>
        <country>DE</country>
        <zipcode_from>96000</zipcode_from>
        <zipcode_till>96999</zipcode_till>
        <zone>DEF</zone>
    </routing>
    <routing>
        <id>159</id>
        <country>DE</country>
        <zipcode_from>97000</zipcode_from>
        <zipcode_till>97999</zipcode_till>
        <zone>DEF</zone>
    </routing>
    <routing>
        <id>160</id>
        <country>DE</country>
        <zipcode_from>98000</zipcode_from>
        <zipcode_till>98999</zipcode_till>
        <zone>DEF</zone>
    </routing>
    <routing>
        <id>161</id>
        <country>DE</country>
        <zipcode_from>99000</zipcode_from>
        <zipcode_till>99999</zipcode_till>
        <zone>DEX</zone>
    </routing>
    <routing>
        <id>162</id>
        <country>DK</country>
        <zipcode_from>0</zipcode_from>
        <zipcode_till>99999</zipcode_till>
        <zone>DK</zone>
    </routing>
    <routing>
        <id>163</id>
        <country>EE</country>
        <zipcode_from>0</zipcode_from>
        <zipcode_till>99999</zipcode_till>
        <zone>EE</zone>
    </routing>
    <routing>
        <id>164</id>
        <country>EG</country>
        <zipcode_from>0</zipcode_from>
        <zipcode_till>99999</zipcode_till>
        <zone>EG</zone>
    </routing>
    <routing>
        <id>165</id>
        <country>FI</country>
        <zipcode_from>0</zipcode_from>
        <zipcode_till>99999</zipcode_till>
        <zone>FI</zone>
    </routing>
    <routing>
        <id>166</id>
        <country>ES</country>
        <zipcode_from>0</zipcode_from>
        <zipcode_till>99999</zipcode_till>
        <zone>ES</zone>
    </routing>
    <routing>
        <id>167</id>
        <country>FO</country>
        <zipcode_from>0</zipcode_from>
        <zipcode_till>99999</zipcode_till>
        <zone>FO</zone>
    </routing>
    <routing>
        <id>168</id>
        <country>FR</country>
        <zipcode_from>02000</zipcode_from>
        <zipcode_till>02999</zipcode_till>
        <zone>FRF</zone>
    </routing>
    <routing>
        <id>169</id>
        <country>FR</country>
        <zipcode_from>01000</zipcode_from>
        <zipcode_till>01999</zipcode_till>
        <zone>FRG</zone>
    </routing>
    <routing>
        <id>170</id>
        <country>FR</country>
        <zipcode_from>03000</zipcode_from>
        <zipcode_till>03999</zipcode_till>
        <zone>FRG</zone>
    </routing>
    <routing>
        <id>171</id>
        <country>FR</country>
        <zipcode_from>05000</zipcode_from>
        <zipcode_till>05999</zipcode_till>
        <zone>FRG</zone>
    </routing>
    <routing>
        <id>172</id>
        <country>FR</country>
        <zipcode_from>04000</zipcode_from>
        <zipcode_till>04999</zipcode_till>
        <zone>FRG</zone>
    </routing>
    <routing>
        <id>173</id>
        <country>FR</country>
        <zipcode_from>06000</zipcode_from>
        <zipcode_till>06999</zipcode_till>
        <zone>FRG</zone>
    </routing>
    <routing>
        <id>174</id>
        <country>FR</country>
        <zipcode_from>08000</zipcode_from>
        <zipcode_till>08999</zipcode_till>
        <zone>FRG</zone>
    </routing>
    <routing>
        <id>175</id>
        <country>FR</country>
        <zipcode_from>07000</zipcode_from>
        <zipcode_till>07999</zipcode_till>
        <zone>FRG</zone>
    </routing>
    <routing>
        <id>176</id>
        <country>FR</country>
        <zipcode_from>09000</zipcode_from>
        <zipcode_till>09999</zipcode_till>
        <zone>FRG</zone>
    </routing>
    <routing>
        <id>177</id>
        <country>FR</country>
        <zipcode_from>11000</zipcode_from>
        <zipcode_till>11999</zipcode_till>
        <zone>FRG</zone>
    </routing>
    <routing>
        <id>178</id>
        <country>FR</country>
        <zipcode_from>10000</zipcode_from>
        <zipcode_till>10999</zipcode_till>
        <zone>FRG</zone>
    </routing>
    <routing>
        <id>179</id>
        <country>FR</country>
        <zipcode_from>12000</zipcode_from>
        <zipcode_till>12999</zipcode_till>
        <zone>FRG</zone>
    </routing>
    <routing>
        <id>180</id>
        <country>FR</country>
        <zipcode_from>14000</zipcode_from>
        <zipcode_till>14999</zipcode_till>
        <zone>FRP</zone>
    </routing>
    <routing>
        <id>181</id>
        <country>FR</country>
        <zipcode_from>13000</zipcode_from>
        <zipcode_till>13999</zipcode_till>
        <zone>FRG</zone>
    </routing>
    <routing>
        <id>182</id>
        <country>FR</country>
        <zipcode_from>15000</zipcode_from>
        <zipcode_till>15999</zipcode_till>
        <zone>FRG</zone>
    </routing>
    <routing>
        <id>183</id>
        <country>FR</country>
        <zipcode_from>17000</zipcode_from>
        <zipcode_till>17999</zipcode_till>
        <zone>FRG</zone>
    </routing>
    <routing>
        <id>184</id>
        <country>FR</country>
        <zipcode_from>16000</zipcode_from>
        <zipcode_till>16999</zipcode_till>
        <zone>FRG</zone>
    </routing>
    <routing>
        <id>185</id>
        <country>FR</country>
        <zipcode_from>18000</zipcode_from>
        <zipcode_till>18999</zipcode_till>
        <zone>FRG</zone>
    </routing>
    <routing>
        <id>186</id>
        <country>FR</country>
        <zipcode_from>20000</zipcode_from>
        <zipcode_till>20999</zipcode_till>
        <zone>FRG</zone>
    </routing>
    <routing>
        <id>187</id>
        <country>FR</country>
        <zipcode_from>19000</zipcode_from>
        <zipcode_till>19999</zipcode_till>
        <zone>FRG</zone>
    </routing>
    <routing>
        <id>188</id>
        <country>FR</country>
        <zipcode_from>21000</zipcode_from>
        <zipcode_till>21999</zipcode_till>
        <zone>FRG</zone>
    </routing>
    <routing>
        <id>189</id>
        <country>FR</country>
        <zipcode_from>23000</zipcode_from>
        <zipcode_till>23999</zipcode_till>
        <zone>FRG</zone>
    </routing>
    <routing>
        <id>190</id>
        <country>FR</country>
        <zipcode_from>22000</zipcode_from>
        <zipcode_till>22999</zipcode_till>
        <zone>FRP</zone>
    </routing>
    <routing>
        <id>191</id>
        <country>FR</country>
        <zipcode_from>24000</zipcode_from>
        <zipcode_till>24999</zipcode_till>
        <zone>FRG</zone>
    </routing>
    <routing>
        <id>192</id>
        <country>FR</country>
        <zipcode_from>26000</zipcode_from>
        <zipcode_till>26999</zipcode_till>
        <zone>FRG</zone>
    </routing>
    <routing>
        <id>193</id>
        <country>FR</country>
        <zipcode_from>25000</zipcode_from>
        <zipcode_till>25999</zipcode_till>
        <zone>FRG</zone>
    </routing>
    <routing>
        <id>194</id>
        <country>FR</country>
        <zipcode_from>27000</zipcode_from>
        <zipcode_till>27999</zipcode_till>
        <zone>FRP</zone>
    </routing>
    <routing>
        <id>195</id>
        <country>FR</country>
        <zipcode_from>29000</zipcode_from>
        <zipcode_till>29999</zipcode_till>
        <zone>FRP</zone>
    </routing>
    <routing>
        <id>196</id>
        <country>FR</country>
        <zipcode_from>28000</zipcode_from>
        <zipcode_till>28999</zipcode_till>
        <zone>FRP</zone>
    </routing>
    <routing>
        <id>197</id>
        <country>FR</country>
        <zipcode_from>30000</zipcode_from>
        <zipcode_till>30999</zipcode_till>
        <zone>FRG</zone>
    </routing>
    <routing>
        <id>198</id>
        <country>FR</country>
        <zipcode_from>32000</zipcode_from>
        <zipcode_till>32999</zipcode_till>
        <zone>FRG</zone>
    </routing>
    <routing>
        <id>199</id>
        <country>FR</country>
        <zipcode_from>31000</zipcode_from>
        <zipcode_till>31999</zipcode_till>
        <zone>FRG</zone>
    </routing>
    <routing>
        <id>200</id>
        <country>FR</country>
        <zipcode_from>33000</zipcode_from>
        <zipcode_till>33999</zipcode_till>
        <zone>FRG</zone>
    </routing>
    <routing>
        <id>201</id>
        <country>FR</country>
        <zipcode_from>35000</zipcode_from>
        <zipcode_till>35999</zipcode_till>
        <zone>FRP</zone>
    </routing>
    <routing>
        <id>202</id>
        <country>FR</country>
        <zipcode_from>34000</zipcode_from>
        <zipcode_till>34999</zipcode_till>
        <zone>FRG</zone>
    </routing>
    <routing>
        <id>203</id>
        <country>FR</country>
        <zipcode_from>36000</zipcode_from>
        <zipcode_till>36999</zipcode_till>
        <zone>FRG</zone>
    </routing>
    <routing>
        <id>204</id>
        <country>FR</country>
        <zipcode_from>38000</zipcode_from>
        <zipcode_till>38999</zipcode_till>
        <zone>FRG</zone>
    </routing>
    <routing>
        <id>205</id>
        <country>FR</country>
        <zipcode_from>37000</zipcode_from>
        <zipcode_till>37999</zipcode_till>
        <zone>FRP</zone>
    </routing>
    <routing>
        <id>206</id>
        <country>FR</country>
        <zipcode_from>39000</zipcode_from>
        <zipcode_till>39999</zipcode_till>
        <zone>FRG</zone>
    </routing>
    <routing>
        <id>207</id>
        <country>FR</country>
        <zipcode_from>41000</zipcode_from>
        <zipcode_till>41999</zipcode_till>
        <zone>FRP</zone>
    </routing>
    <routing>
        <id>208</id>
        <country>FR</country>
        <zipcode_from>40000</zipcode_from>
        <zipcode_till>40999</zipcode_till>
        <zone>FRG</zone>
    </routing>
    <routing>
        <id>209</id>
        <country>FR</country>
        <zipcode_from>42000</zipcode_from>
        <zipcode_till>42999</zipcode_till>
        <zone>FRG</zone>
    </routing>
    <routing>
        <id>210</id>
        <country>FR</country>
        <zipcode_from>44000</zipcode_from>
        <zipcode_till>44999</zipcode_till>
        <zone>FRP</zone>
    </routing>
    <routing>
        <id>211</id>
        <country>FR</country>
        <zipcode_from>43000</zipcode_from>
        <zipcode_till>43999</zipcode_till>
        <zone>FRG</zone>
    </routing>
    <routing>
        <id>212</id>
        <country>FR</country>
        <zipcode_from>45000</zipcode_from>
        <zipcode_till>45999</zipcode_till>
        <zone>FRP</zone>
    </routing>
    <routing>
        <id>213</id>
        <country>FR</country>
        <zipcode_from>47000</zipcode_from>
        <zipcode_till>47999</zipcode_till>
        <zone>FRG</zone>
    </routing>
    <routing>
        <id>214</id>
        <country>FR</country>
        <zipcode_from>46000</zipcode_from>
        <zipcode_till>46999</zipcode_till>
        <zone>FRG</zone>
    </routing>
    <routing>
        <id>215</id>
        <country>FR</country>
        <zipcode_from>48000</zipcode_from>
        <zipcode_till>48999</zipcode_till>
        <zone>FRG</zone>
    </routing>
    <routing>
        <id>216</id>
        <country>FR</country>
        <zipcode_from>50000</zipcode_from>
        <zipcode_till>50999</zipcode_till>
        <zone>FRP</zone>
    </routing>
    <routing>
        <id>217</id>
        <country>FR</country>
        <zipcode_from>49000</zipcode_from>
        <zipcode_till>49999</zipcode_till>
        <zone>FRP</zone>
    </routing>
    <routing>
        <id>218</id>
        <country>FR</country>
        <zipcode_from>51000</zipcode_from>
        <zipcode_till>51999</zipcode_till>
        <zone>FRP</zone>
    </routing>
    <routing>
        <id>219</id>
        <country>FR</country>
        <zipcode_from>53000</zipcode_from>
        <zipcode_till>53999</zipcode_till>
        <zone>FRP</zone>
    </routing>
    <routing>
        <id>220</id>
        <country>FR</country>
        <zipcode_from>52000</zipcode_from>
        <zipcode_till>52999</zipcode_till>
        <zone>FRG</zone>
    </routing>
    <routing>
        <id>221</id>
        <country>FR</country>
        <zipcode_from>54000</zipcode_from>
        <zipcode_till>54999</zipcode_till>
        <zone>FRG</zone>
    </routing>
    <routing>
        <id>222</id>
        <country>FR</country>
        <zipcode_from>56000</zipcode_from>
        <zipcode_till>56999</zipcode_till>
        <zone>FRP</zone>
    </routing>
    <routing>
        <id>223</id>
        <country>FR</country>
        <zipcode_from>55000</zipcode_from>
        <zipcode_till>55999</zipcode_till>
        <zone>FRG</zone>
    </routing>
    <routing>
        <id>224</id>
        <country>FR</country>
        <zipcode_from>57000</zipcode_from>
        <zipcode_till>57999</zipcode_till>
        <zone>FRG</zone>
    </routing>
    <routing>
        <id>225</id>
        <country>FR</country>
        <zipcode_from>59000</zipcode_from>
        <zipcode_till>59999</zipcode_till>
        <zone>FRF</zone>
    </routing>
    <routing>
        <id>226</id>
        <country>FR</country>
        <zipcode_from>58000</zipcode_from>
        <zipcode_till>58999</zipcode_till>
        <zone>FRG</zone>
    </routing>
    <routing>
        <id>227</id>
        <country>FR</country>
        <zipcode_from>60000</zipcode_from>
        <zipcode_till>60999</zipcode_till>
        <zone>FRP</zone>
    </routing>
    <routing>
        <id>228</id>
        <country>FR</country>
        <zipcode_from>62000</zipcode_from>
        <zipcode_till>62999</zipcode_till>
        <zone>FRF</zone>
    </routing>
    <routing>
        <id>229</id>
        <country>FR</country>
        <zipcode_from>61000</zipcode_from>
        <zipcode_till>61999</zipcode_till>
        <zone>FRP</zone>
    </routing>
    <routing>
        <id>230</id>
        <country>FR</country>
        <zipcode_from>63000</zipcode_from>
        <zipcode_till>63999</zipcode_till>
        <zone>FRG</zone>
    </routing>
    <routing>
        <id>231</id>
        <country>FR</country>
        <zipcode_from>65000</zipcode_from>
        <zipcode_till>65999</zipcode_till>
        <zone>FRG</zone>
    </routing>
    <routing>
        <id>232</id>
        <country>FR</country>
        <zipcode_from>64000</zipcode_from>
        <zipcode_till>64999</zipcode_till>
        <zone>FRG</zone>
    </routing>
    <routing>
        <id>233</id>
        <country>FR</country>
        <zipcode_from>66000</zipcode_from>
        <zipcode_till>66999</zipcode_till>
        <zone>FRG</zone>
    </routing>
    <routing>
        <id>234</id>
        <country>FR</country>
        <zipcode_from>68000</zipcode_from>
        <zipcode_till>68999</zipcode_till>
        <zone>FRG</zone>
    </routing>
    <routing>
        <id>235</id>
        <country>FR</country>
        <zipcode_from>67000</zipcode_from>
        <zipcode_till>67999</zipcode_till>
        <zone>FRG</zone>
    </routing>
    <routing>
        <id>236</id>
        <country>FR</country>
        <zipcode_from>69000</zipcode_from>
        <zipcode_till>69999</zipcode_till>
        <zone>FRG</zone>
    </routing>
    <routing>
        <id>237</id>
        <country>FR</country>
        <zipcode_from>70000</zipcode_from>
        <zipcode_till>70999</zipcode_till>
        <zone>FRG</zone>
    </routing>
    <routing>
        <id>238</id>
        <country>FR</country>
        <zipcode_from>71000</zipcode_from>
        <zipcode_till>71999</zipcode_till>
        <zone>FRG</zone>
    </routing>
    <routing>
        <id>239</id>
        <country>FR</country>
        <zipcode_from>72000</zipcode_from>
        <zipcode_till>72999</zipcode_till>
        <zone>FRP</zone>
    </routing>
    <routing>
        <id>240</id>
        <country>FR</country>
        <zipcode_from>74000</zipcode_from>
        <zipcode_till>74999</zipcode_till>
        <zone>FRG</zone>
    </routing>
    <routing>
        <id>241</id>
        <country>FR</country>
        <zipcode_from>73000</zipcode_from>
        <zipcode_till>73999</zipcode_till>
        <zone>FRG</zone>
    </routing>
    <routing>
        <id>242</id>
        <country>FR</country>
        <zipcode_from>75000</zipcode_from>
        <zipcode_till>75999</zipcode_till>
        <zone>FRP</zone>
    </routing>
    <routing>
        <id>243</id>
        <country>FR</country>
        <zipcode_from>77000</zipcode_from>
        <zipcode_till>77999</zipcode_till>
        <zone>FRP</zone>
    </routing>
    <routing>
        <id>244</id>
        <country>FR</country>
        <zipcode_from>76000</zipcode_from>
        <zipcode_till>76999</zipcode_till>
        <zone>FRP</zone>
    </routing>
    <routing>
        <id>245</id>
        <country>FR</country>
        <zipcode_from>78000</zipcode_from>
        <zipcode_till>78999</zipcode_till>
        <zone>FRP</zone>
    </routing>
    <routing>
        <id>246</id>
        <country>FR</country>
        <zipcode_from>80000</zipcode_from>
        <zipcode_till>80999</zipcode_till>
        <zone>FRP</zone>
    </routing>
    <routing>
        <id>247</id>
        <country>FR</country>
        <zipcode_from>81000</zipcode_from>
        <zipcode_till>81999</zipcode_till>
        <zone>FRG</zone>
    </routing>
    <routing>
        <id>248</id>
        <country>FR</country>
        <zipcode_from>82000</zipcode_from>
        <zipcode_till>82999</zipcode_till>
        <zone>FRG</zone>
    </routing>
    <routing>
        <id>249</id>
        <country>FR</country>
        <zipcode_from>79000</zipcode_from>
        <zipcode_till>79999</zipcode_till>
        <zone>FRP</zone>
    </routing>
    <routing>
        <id>250</id>
        <country>FR</country>
        <zipcode_from>84000</zipcode_from>
        <zipcode_till>84999</zipcode_till>
        <zone>FRG</zone>
    </routing>
    <routing>
        <id>251</id>
        <country>FR</country>
        <zipcode_from>83000</zipcode_from>
        <zipcode_till>83999</zipcode_till>
        <zone>FRG</zone>
    </routing>
    <routing>
        <id>252</id>
        <country>FR</country>
        <zipcode_from>85000</zipcode_from>
        <zipcode_till>85999</zipcode_till>
        <zone>FRP</zone>
    </routing>
    <routing>
        <id>253</id>
        <country>FR</country>
        <zipcode_from>86000</zipcode_from>
        <zipcode_till>86999</zipcode_till>
        <zone>FRP</zone>
    </routing>
    <routing>
        <id>254</id>
        <country>FR</country>
        <zipcode_from>88000</zipcode_from>
        <zipcode_till>88999</zipcode_till>
        <zone>FRG</zone>
    </routing>
    <routing>
        <id>255</id>
        <country>FR</country>
        <zipcode_from>87000</zipcode_from>
        <zipcode_till>87999</zipcode_till>
        <zone>FRG</zone>
    </routing>
    <routing>
        <id>256</id>
        <country>FR</country>
        <zipcode_from>89000</zipcode_from>
        <zipcode_till>89999</zipcode_till>
        <zone>FRG</zone>
    </routing>
    <routing>
        <id>257</id>
        <country>FR</country>
        <zipcode_from>90000</zipcode_from>
        <zipcode_till>90999</zipcode_till>
        <zone>FRG</zone>
    </routing>
    <routing>
        <id>258</id>
        <country>FR</country>
        <zipcode_from>92000</zipcode_from>
        <zipcode_till>92999</zipcode_till>
        <zone>FRP</zone>
    </routing>
    <routing>
        <id>259</id>
        <country>FR</country>
        <zipcode_from>91000</zipcode_from>
        <zipcode_till>91999</zipcode_till>
        <zone>FRP</zone>
    </routing>
    <routing>
        <id>260</id>
        <country>FR</country>
        <zipcode_from>93000</zipcode_from>
        <zipcode_till>93999</zipcode_till>
        <zone>FRP</zone>
    </routing>
    <routing>
        <id>261</id>
        <country>FR</country>
        <zipcode_from>94000</zipcode_from>
        <zipcode_till>94999</zipcode_till>
        <zone>FRP</zone>
    </routing>
    <routing>
        <id>262</id>
        <country>FR</country>
        <zipcode_from>98000</zipcode_from>
        <zipcode_till>98999</zipcode_till>
        <zone>FRG</zone>
    </routing>
    <routing>
        <id>263</id>
        <country>FR</country>
        <zipcode_from>95000</zipcode_from>
        <zipcode_till>95999</zipcode_till>
        <zone>FRP</zone>
    </routing>
    <routing>
        <id>264</id>
        <country>FR</country>
        <zipcode_from>99000</zipcode_from>
        <zipcode_till>99999</zipcode_till>
        <zone>FRG</zone>
    </routing>
    <routing>
        <id>265</id>
        <country>GB</country>
        <zipcode_from>0</zipcode_from>
        <zipcode_till>99999</zipcode_till>
        <zone>GB</zone>
    </routing>
    <routing>
        <id>266</id>
        <country>HR</country>
        <zipcode_from>0</zipcode_from>
        <zipcode_till>99999</zipcode_till>
        <zone>HR</zone>
    </routing>
    <routing>
        <id>267</id>
        <country>GR</country>
        <zipcode_from>0</zipcode_from>
        <zipcode_till>99999</zipcode_till>
        <zone>GR</zone>
    </routing>
    <routing>
        <id>268</id>
        <country>HU</country>
        <zipcode_from>0</zipcode_from>
        <zipcode_till>99999</zipcode_till>
        <zone>HU</zone>
    </routing>
    <routing>
        <id>269</id>
        <country>IE</country>
        <zipcode_from>0</zipcode_from>
        <zipcode_till>99999</zipcode_till>
        <zone>IE</zone>
    </routing>
    <routing>
        <id>270</id>
        <country>IN</country>
        <zipcode_from>0</zipcode_from>
        <zipcode_till>99999</zipcode_till>
        <zone>IN</zone>
    </routing>
    <routing>
        <id>271</id>
        <country>IL</country>
        <zipcode_from>0</zipcode_from>
        <zipcode_till>99999</zipcode_till>
        <zone>IL</zone>
    </routing>
    <routing>
        <id>272</id>
        <country>IS</country>
        <zipcode_from>0</zipcode_from>
        <zipcode_till>99999</zipcode_till>
        <zone>IS</zone>
    </routing>
    <routing>
        <id>273</id>
        <country>IT</country>
        <zipcode_from>0</zipcode_from>
        <zipcode_till>99999</zipcode_till>
        <zone>IT</zone>
    </routing>
    <routing>
        <id>274</id>
        <country>KH</country>
        <zipcode_from>0</zipcode_from>
        <zipcode_till>99999</zipcode_till>
        <zone>KH</zone>
    </routing>
    <routing>
        <id>275</id>
        <country>JP</country>
        <zipcode_from>0</zipcode_from>
        <zipcode_till>99999</zipcode_till>
        <zone>JP</zone>
    </routing>
    <routing>
        <id>276</id>
        <country>KR</country>
        <zipcode_from>0</zipcode_from>
        <zipcode_till>99999</zipcode_till>
        <zone>KR</zone>
    </routing>
    <routing>
        <id>277</id>
        <country>LI</country>
        <zipcode_from>0</zipcode_from>
        <zipcode_till>99999</zipcode_till>
        <zone>LI</zone>
    </routing>
    <routing>
        <id>278</id>
        <country>LU</country>
        <zipcode_from>0</zipcode_from>
        <zipcode_till>99999</zipcode_till>
        <zone>LU</zone>
    </routing>
    <routing>
        <id>279</id>
        <country>LT</country>
        <zipcode_from>0</zipcode_from>
        <zipcode_till>99999</zipcode_till>
        <zone>LT</zone>
    </routing>
    <routing>
        <id>280</id>
        <country>LUX</country>
        <zipcode_from>0</zipcode_from>
        <zipcode_till>99999</zipcode_till>
        <zone>LUX</zone>
    </routing>
    <routing>
        <id>281</id>
        <country>LV</country>
        <zipcode_from>0</zipcode_from>
        <zipcode_till>99999</zipcode_till>
        <zone>LV</zone>
    </routing>
    <routing>
        <id>282</id>
        <country>MC</country>
        <zipcode_from>0</zipcode_from>
        <zipcode_till>99999</zipcode_till>
        <zone>MC</zone>
    </routing>
    <routing>
        <id>283</id>
        <country>MA</country>
        <zipcode_from>0</zipcode_from>
        <zipcode_till>99999</zipcode_till>
        <zone>MA</zone>
    </routing>
    <routing>
        <id>284</id>
        <country>MD</country>
        <zipcode_from>0</zipcode_from>
        <zipcode_till>99999</zipcode_till>
        <zone>MD</zone>
    </routing>
    <routing>
        <id>285</id>
        <country>MK</country>
        <zipcode_from>0</zipcode_from>
        <zipcode_till>99999</zipcode_till>
        <zone>MK</zone>
    </routing>
    <routing>
        <id>286</id>
        <country>MX</country>
        <zipcode_from>0</zipcode_from>
        <zipcode_till>99999</zipcode_till>
        <zone>MX</zone>
    </routing>
    <routing>
        <id>287</id>
        <country>MT</country>
        <zipcode_from>0</zipcode_from>
        <zipcode_till>99999</zipcode_till>
        <zone>MT</zone>
    </routing>
    <routing>
        <id>288</id>
        <country>MY</country>
        <zipcode_from>0</zipcode_from>
        <zipcode_till>99999</zipcode_till>
        <zone>MY</zone>
    </routing>
    <routing>
        <id>289</id>
        <country>NL</country>
        <zipcode_from>1000</zipcode_from>
        <zipcode_till>1116</zipcode_till>
        <zone>NL151</zone>
    </routing>
    <routing>
        <id>290</id>
        <country>NL</country>
        <zipcode_from>1120</zipcode_from>
        <zipcode_till>1199</zipcode_till>
        <zone>NL151</zone>
    </routing>
    <routing>
        <id>291</id>
        <country>NL</country>
        <zipcode_from>1117</zipcode_from>
        <zipcode_till>1119</zipcode_till>
        <zone>NL151</zone>
    </routing>
    <routing>
        <id>292</id>
        <country>NL</country>
        <zipcode_from>1200</zipcode_from>
        <zipcode_till>1299</zipcode_till>
        <zone>NL158</zone>
    </routing>
    <routing>
        <id>293</id>
        <country>NL</country>
        <zipcode_from>1300</zipcode_from>
        <zipcode_till>1389</zipcode_till>
        <zone>NL151</zone>
    </routing>
    <routing>
        <id>294</id>
        <country>NL</country>
        <zipcode_from>1413</zipcode_from>
        <zipcode_till>1425</zipcode_till>
        <zone>NL151</zone>
    </routing>
    <routing>
        <id>295</id>
        <country>NL</country>
        <zipcode_from>1390</zipcode_from>
        <zipcode_till>1412</zipcode_till>
        <zone>NL158</zone>
    </routing>
    <routing>
        <id>296</id>
        <country>NL</country>
        <zipcode_from>1426</zipcode_from>
        <zipcode_till>1428</zipcode_till>
        <zone>NL158</zone>
    </routing>
    <routing>
        <id>297</id>
        <country>NL</country>
        <zipcode_from>1429</zipcode_from>
        <zipcode_till>1436</zipcode_till>
        <zone>NL151</zone>
    </routing>
    <routing>
        <id>298</id>
        <country>NL</country>
        <zipcode_from>1439</zipcode_from>
        <zipcode_till>1789</zipcode_till>
        <zone>NL151</zone>
    </routing>
    <routing>
        <id>299</id>
        <country>NL</country>
        <zipcode_from>1437</zipcode_from>
        <zipcode_till>1438</zipcode_till>
        <zone>NL151</zone>
    </routing>
    <routing>
        <id>300</id>
        <country>NL</country>
        <zipcode_from>1790</zipcode_from>
        <zipcode_till>1799</zipcode_till>
        <zone>NL156</zone>
    </routing>
    <routing>
        <id>301</id>
        <country>NL</country>
        <zipcode_from>1800</zipcode_from>
        <zipcode_till>2131</zipcode_till>
        <zone>NL151</zone>
    </routing>
    <routing>
        <id>302</id>
        <country>NL</country>
        <zipcode_from>2133</zipcode_from>
        <zipcode_till>2153</zipcode_till>
        <zone>NL151</zone>
    </routing>
    <routing>
        <id>303</id>
        <country>NL</country>
        <zipcode_from>2132</zipcode_from>
        <zipcode_till>2132</zipcode_till>
        <zone>NL151</zone>
    </routing>
    <routing>
        <id>304</id>
        <country>NL</country>
        <zipcode_from>2154</zipcode_from>
        <zipcode_till>2159</zipcode_till>
        <zone>NL156</zone>
    </routing>
    <routing>
        <id>305</id>
        <country>NL</country>
        <zipcode_from>2160</zipcode_from>
        <zipcode_till>2169</zipcode_till>
        <zone>NL151</zone>
    </routing>
    <routing>
        <id>306</id>
        <country>NL</country>
        <zipcode_from>2173</zipcode_from>
        <zipcode_till>2199</zipcode_till>
        <zone>NL151</zone>
    </routing>
    <routing>
        <id>307</id>
        <country>NL</country>
        <zipcode_from>2170</zipcode_from>
        <zipcode_till>2172</zipcode_till>
        <zone>NL156</zone>
    </routing>
    <routing>
        <id>308</id>
        <country>NL</country>
        <zipcode_from>2200</zipcode_from>
        <zipcode_till>2204</zipcode_till>
        <zone>NL156</zone>
    </routing>
    <routing>
        <id>309</id>
        <country>NL</country>
        <zipcode_from>2205</zipcode_from>
        <zipcode_till>2209</zipcode_till>
        <zone>NL151</zone>
    </routing>
    <routing>
        <id>310</id>
        <country>NL</country>
        <zipcode_from>2210</zipcode_from>
        <zipcode_till>2899</zipcode_till>
        <zone>NL156</zone>
    </routing>
    <routing>
        <id>311</id>
        <country>NL</country>
        <zipcode_from>2900</zipcode_from>
        <zipcode_till>2950</zipcode_till>
        <zone>NL159</zone>
    </routing>
    <routing>
        <id>312</id>
        <country>NL</country>
        <zipcode_from>2951</zipcode_from>
        <zipcode_till>2977</zipcode_till>
        <zone>NL158</zone>
    </routing>
    <routing>
        <id>313</id>
        <country>NL</country>
        <zipcode_from>2978</zipcode_from>
        <zipcode_till>3099</zipcode_till>
        <zone>NL159</zone>
    </routing>
    <routing>
        <id>314</id>
        <country>NL</country>
        <zipcode_from>3100</zipcode_from>
        <zipcode_till>3159</zipcode_till>
        <zone>NL156</zone>
    </routing>
    <routing>
        <id>315</id>
        <country>NL</country>
        <zipcode_from>3160</zipcode_from>
        <zipcode_till>3299</zipcode_till>
        <zone>NL159</zone>
    </routing>
    <routing>
        <id>316</id>
        <country>NL</country>
        <zipcode_from>3300</zipcode_from>
        <zipcode_till>3399</zipcode_till>
        <zone>NL155</zone>
    </routing>
    <routing>
        <id>317</id>
        <country>NL</country>
        <zipcode_from>3400</zipcode_from>
        <zipcode_till>3999</zipcode_till>
        <zone>NL158</zone>
    </routing>
    <routing>
        <id>318</id>
        <country>NL</country>
        <zipcode_from>4300</zipcode_from>
        <zipcode_till>4759</zipcode_till>
        <zone>NL167</zone>
    </routing>
    <routing>
        <id>319</id>
        <country>NL</country>
        <zipcode_from>4000</zipcode_from>
        <zipcode_till>4299</zipcode_till>
        <zone>NL155</zone>
    </routing>
    <routing>
        <id>320</id>
        <country>NL</country>
        <zipcode_from>4760</zipcode_from>
        <zipcode_till>4861</zipcode_till>
        <zone>NL155</zone>
    </routing>
    <routing>
        <id>321</id>
        <country>NL</country>
        <zipcode_from>4862</zipcode_from>
        <zipcode_till>4899</zipcode_till>
        <zone>NL167</zone>
    </routing>
    <routing>
        <id>322</id>
        <country>NL</country>
        <zipcode_from>5340</zipcode_from>
        <zipcode_till>5999</zipcode_till>
        <zone>NL164</zone>
    </routing>
    <routing>
        <id>323</id>
        <country>NL</country>
        <zipcode_from>4900</zipcode_from>
        <zipcode_till>5339</zipcode_till>
        <zone>NL155</zone>
    </routing>
    <routing>
        <id>324</id>
        <country>NL</country>
        <zipcode_from>6000</zipcode_from>
        <zipcode_till>6499</zipcode_till>
        <zone>NL163</zone>
    </routing>
    <routing>
        <id>325</id>
        <country>NL</country>
        <zipcode_from>6500</zipcode_from>
        <zipcode_till>6620</zipcode_till>
        <zone>NL152</zone>
    </routing>
    <routing>
        <id>326</id>
        <country>NL</country>
        <zipcode_from>6621</zipcode_from>
        <zipcode_till>6659</zipcode_till>
        <zone>NL155</zone>
    </routing>
    <routing>
        <id>327</id>
        <country>NL</country>
        <zipcode_from>6660</zipcode_from>
        <zipcode_till>6699</zipcode_till>
        <zone>NL152</zone>
    </routing>
    <routing>
        <id>328</id>
        <country>NL</country>
        <zipcode_from>6700</zipcode_from>
        <zipcode_till>6899</zipcode_till>
        <zone>NL158</zone>
    </routing>
    <routing>
        <id>329</id>
        <country>NL</country>
        <zipcode_from>6900</zipcode_from>
        <zipcode_till>7299</zipcode_till>
        <zone>NL152</zone>
    </routing>
    <routing>
        <id>330</id>
        <country>NL</country>
        <zipcode_from>7300</zipcode_from>
        <zipcode_till>7399</zipcode_till>
        <zone>NL158</zone>
    </routing>
    <routing>
        <id>331</id>
        <country>NL</country>
        <zipcode_from>7400</zipcode_from>
        <zipcode_till>7599</zipcode_till>
        <zone>NL152</zone>
    </routing>
    <routing>
        <id>332</id>
        <country>NL</country>
        <zipcode_from>7600</zipcode_from>
        <zipcode_till>8300</zipcode_till>
        <zone>NL153</zone>
    </routing>
    <routing>
        <id>333</id>
        <country>NL</country>
        <zipcode_from>8301</zipcode_from>
        <zipcode_till>8399</zipcode_till>
        <zone>NL153</zone>
    </routing>
    <routing>
        <id>334</id>
        <country>NL</country>
        <zipcode_from>8400</zipcode_from>
        <zipcode_till>8499</zipcode_till>
        <zone>NL161</zone>
    </routing>
    <routing>
        <id>335</id>
        <country>NL</country>
        <zipcode_from>8500</zipcode_from>
        <zipcode_till>8799</zipcode_till>
        <zone>NL153</zone>
    </routing>
    <routing>
        <id>336</id>
        <country>NL</country>
        <zipcode_from>8800</zipcode_from>
        <zipcode_till>9399</zipcode_till>
        <zone>NL161</zone>
    </routing>
    <routing>
        <id>337</id>
        <country>NL</country>
        <zipcode_from>9400</zipcode_from>
        <zipcode_till>9459</zipcode_till>
        <zone>NL153</zone>
    </routing>
    <routing>
        <id>338</id>
        <country>NL</country>
        <zipcode_from>9460</zipcode_from>
        <zipcode_till>9999</zipcode_till>
        <zone>NL161</zone>
    </routing>
    <routing>
        <id>339</id>
        <country>NO</country>
        <zipcode_from>0</zipcode_from>
        <zipcode_till>99999</zipcode_till>
        <zone>NO</zone>
    </routing>
    <routing>
        <id>340</id>
        <country>PL</country>
        <zipcode_from>0</zipcode_from>
        <zipcode_till>99999</zipcode_till>
        <zone>PL</zone>
    </routing>
    <routing>
        <id>341</id>
        <country>PT</country>
        <zipcode_from>0</zipcode_from>
        <zipcode_till>99999</zipcode_till>
        <zone>PT</zone>
    </routing>
    <routing>
        <id>342</id>
        <country>RO</country>
        <zipcode_from>0</zipcode_from>
        <zipcode_till>99999</zipcode_till>
        <zone>RO</zone>
    </routing>
    <routing>
        <id>343</id>
        <country>RS</country>
        <zipcode_from>0</zipcode_from>
        <zipcode_till>99999</zipcode_till>
        <zone>RS</zone>
    </routing>
    <routing>
        <id>344</id>
        <country>RU</country>
        <zipcode_from>0</zipcode_from>
        <zipcode_till>99999</zipcode_till>
        <zone>RU</zone>
    </routing>
    <routing>
        <id>345</id>
        <country>SE</country>
        <zipcode_from>0</zipcode_from>
        <zipcode_till>99999</zipcode_till>
        <zone>SE</zone>
    </routing>
    <routing>
        <id>346</id>
        <country>SG</country>
        <zipcode_from>0</zipcode_from>
        <zipcode_till>99999</zipcode_till>
        <zone>SG</zone>
    </routing>
    <routing>
        <id>347</id>
        <country>SI</country>
        <zipcode_from>0</zipcode_from>
        <zipcode_till>99999</zipcode_till>
        <zone>SI</zone>
    </routing>
    <routing>
        <id>348</id>
        <country>SK</country>
        <zipcode_from>0</zipcode_from>
        <zipcode_till>99999</zipcode_till>
        <zone>SK</zone>
    </routing>
    <routing>
        <id>349</id>
        <country>TR</country>
        <zipcode_from>0</zipcode_from>
        <zipcode_till>99999</zipcode_till>
        <zone>TR</zone>
    </routing>
    <routing>
        <id>350</id>
        <country>XK</country>
        <zipcode_from>0</zipcode_from>
        <zipcode_till>99999</zipcode_till>
        <zone>XK</zone>
    </routing>
    <routing>
        <id>351</id>
        <country>US</country>
        <zipcode_from>0</zipcode_from>
        <zipcode_till>99999</zipcode_till>
        <zone>US</zone>
    </routing>
    <routing>
        <id>352</id>
        <country>ZA</country>
        <zipcode_from>0</zipcode_from>
        <zipcode_till>99999</zipcode_till>
        <zone>ZA</zone>
    </routing>
    <routing>
        <id>353</id>
        <country>ZM</country>
        <zipcode_from>0</zipcode_from>
        <zipcode_till>99999</zipcode_till>
        <zone>ZM</zone>
    </routing>
</routings>