<?xml version="1.0" encoding="UTF-8"?>
<transport_status_notification:transportStatusNotificationMessage xmlns:transport_status_notification="urn:gs1:ecom:transport_status_notification:xsd:3" xmlns:sh="http://www.unece.org/cefact/namespaces/StandardBusinessDocumentHeader" xmlns:xsi="http://www.w3.org/2001/XMLSchema-instance" xsi:schemaLocation="urn:gs1:ecom:transport_status_notification:xsd:3 ../Schemas/gs1/ecom/TransportStatusNotification.xsd">
	<sh:StandardBusinessDocumentHeader>
		<sh:HeaderVersion>1.0</sh:HeaderVersion>
		<sh:Sender>
			<sh:Identifier Authority="GS1"/>
			<sh:ContactInformation>
				<sh:Contact>CTS GROUP</sh:Contact>
				<sh:TelephoneNumber>0252-628900</sh:TelephoneNumber>
				<sh:ContactTypeIdentifier>Seller</sh:ContactTypeIdentifier>
			</sh:ContactInformation>
		</sh:Sender>
		<sh:Receiver>
			<sh:Identifier Authority="GS1"/>
			<sh:ContactInformation>
				<sh:Contact>test</sh:Contact>
				<sh:ContactTypeIdentifier>Buyer</sh:ContactTypeIdentifier>
			</sh:ContactInformation>
		</sh:Receiver>
		<sh:DocumentIdentification>
			<sh:Standard>GS1</sh:Standard>
			<sh:TypeVersion>3.3</sh:TypeVersion>
			<sh:InstanceIdentifier>[FILE REFERENCE NUMBER]</sh:InstanceIdentifier>
			<sh:Type>transportStatusNotification</sh:Type>
			<sh:MultipleType>false</sh:MultipleType>
			<sh:CreationDateAndTime>2019-11-22T15:12:18</sh:CreationDateAndTime>
		</sh:DocumentIdentification>
	</sh:StandardBusinessDocumentHeader>
	<transportStatusNotification>
		<creationDateTime>2019-02-04T09:05:03</creationDateTime>
		<documentStatusCode>ORIGINAL</documentStatusCode>
		<transportStatusNotificationIdentification>
			<entityIdentification>[CTS FILE REFERENCE NUMBER]</entityIdentification>
		</transportStatusNotificationIdentification>
		<transportStatusInformationCode>STATUS_ONLY</transportStatusInformationCode>
		<transportStatusObjectCode>SHIPMENT</transportStatusObjectCode>
		<transportStatusRequestor>
			<contact>
				<departmentName>test</departmentName>
			</contact>
		</transportStatusRequestor>
		<transportStatusProvider>
			<contact>
				<departmentName>CTS GROUP</departmentName>
			</contact>
		</transportStatusProvider>
		<transportStatusNotificationShipment>
			<transportStatus>
				<transportStatusConditionCode>13</transportStatusConditionCode>
				<transportStatusDateTime>2021-06-10T14:41:00</transportStatusDateTime>
			</transportStatus>
		</transportStatusNotificationShipment>
	</transportStatusNotification>
</transport_status_notification:transportStatusNotificationMessage>