<?xml version="1.0" encoding="UTF-8"?>
<!DOCTYPE mapper PUBLIC "-//mybatis.org//DTD Mapper 3.0//EN" "http://mybatis.org/dtd/mybatis-3-mapper.dtd">

<mapper namespace="com.herdsirc.oms.wz.mapper.WzInventoryMapper">


	<select id="getWzInventoryByClientCode" resultType="com.herdsric.oms.wz.dto.inventory.InventoryDto">
		SELECT #{clientCode}                                 AS clientCode,
			   tmp1.WAREHOUSE                                AS warehouseCode,
			   tmp1.SKU_ID                                   AS itemCode,
			   tmp1.DESC_CHINESE                             AS itemName,
			   tmp1.UNIT                                     AS unit,
			   IFNULL(tmp1.QTY, 0) + IFNULL(tmp2.QTY, 0) + IFNULL(tmp1.lockQty, 0) +
			   IFNULL(tmp2.lockQty, 0)                       AS totalQty,
			   IFNULL(tmp1.QTY, 0) + IFNULL(tmp1.lockQty, 0) AS qualifiedTotalQty,
			   IFNULL(tmp1.QTY, 0)                           AS availableQty
		FROM (SELECT t1.SKU_ID,
		             t1.WAREHOUSE,
					 t1.DESC_CHINESE,
					 t1.UNIT,
					 sum(
							 IFNULL(t1.USABLE_QTY, 0))  QTY,
					 sum(
							 IFNULL(t1.LOCKING_QTY, 0)) lockQty
			  FROM view_nichtware_wms_inventory t1
			  WHERE t1.OWNER_ID = #{clientCode}
				<if test="warehouseCode!= null">
				  AND t1.WAREHOUSE = #{warehouseCode}
				</if>
				AND t1.QUALIFIED = '合格'
				AND t1.SKU_ID IS NOT NULL
			  GROUP BY SKU_ID,WAREHOUSE) tmp1
				 LEFT JOIN (SELECT t1.SKU_ID,
				                   t1.WAREHOUSE,
								   t1.DESC_CHINESE,
								   t1.UNIT,
								   sum(
										   IFNULL(t1.USABLE_QTY, 0))  QTY,
								   sum(
										   IFNULL(t1.LOCKING_QTY, 0)) lockQty
							FROM view_nichtware_wms_inventory t1
							WHERE t1.OWNER_ID = #{clientCode}
								<if test="warehouseCode!= null">
									AND t1.WAREHOUSE = #{warehouseCode}
								</if>
							  AND t1.QUALIFIED != '合格'
		AND t1.SKU_ID IS NOT NULL
							GROUP BY
								SKU_ID,WAREHOUSE) tmp2 ON tmp1.SKU_ID = tmp2.SKU_ID AND tmp1.WAREHOUSE = tmp2.WAREHOUSE
	</select>
	<select id="getWzClientCodes" resultType="java.lang.String">
		SELECT DISTINCT t.OWNER_ID
		FROM view_nichtware_wms_inventory t
	</select>
</mapper>
